-- phpMyAdmin SQL Dump
-- version 5.2.1
-- https://www.phpmyadmin.net/
--
-- Host: 127.0.0.1
-- Generation Time: Aug 27, 2024 at 04:30 AM
-- Server version: 10.4.32-MariaDB
-- PHP Version: 8.2.12

SET SQL_MODE = "NO_AUTO_VALUE_ON_ZERO";
START TRANSACTION;
SET time_zone = "+00:00";


/*!40101 SET @OLD_CHARACTER_SET_CLIENT=@@CHARACTER_SET_CLIENT */;
/*!40101 SET @OLD_CHARACTER_SET_RESULTS=@@CHARACTER_SET_RESULTS */;
/*!40101 SET @OLD_COLLATION_CONNECTION=@@COLLATION_CONNECTION */;
/*!40101 SET NAMES utf8mb4 */;

--
-- Database: `iwanderph_db`
--

-- --------------------------------------------------------

--
-- Table structure for table `admin`
--

CREATE TABLE `admin` (
  `AdminID` int(3) NOT NULL,
  `Name` varchar(30) NOT NULL,
  `Username` varchar(30) NOT NULL,
  `Password` varchar(30) NOT NULL,
  `AdminUserType` varchar(20) NOT NULL
) ENGINE=InnoDB DEFAULT CHARSET=utf8mb4 COLLATE=utf8mb4_general_ci;

--
-- Dumping data for table `admin`
--

INSERT INTO `admin` (`AdminID`, `Name`, `Username`, `Password`, `AdminUserType`) VALUES
(13, 'Kim Pop', 'kimashi', 'kimashi', 'SuperAdmin');

-- --------------------------------------------------------

--
-- Table structure for table `bookings`
--

CREATE TABLE `bookings` (
  `BookingID` int(10) NOT NULL,
  `BookingDate` datetime DEFAULT current_timestamp(),
  `PaymentStatus` varchar(20) NOT NULL,
  `ListingID` int(8) NOT NULL,
  `BookingStatus` varchar(20) NOT NULL,
  `Duration` varchar(2) NOT NULL,
  `CheckIn` datetime DEFAULT NULL,
  `CheckOut` datetime DEFAULT NULL,
  `Subtotal` decimal(10,2) NOT NULL,
  `VAT` decimal(10,2) NOT NULL,
  `PayoutAmount` decimal(10,2) NOT NULL,
  `TotalAmount` decimal(10,2) NOT NULL,
  `RefundAmount` decimal(10,2) NOT NULL,
  `MerchantID` int(3) NOT NULL,
  `TravelerID` int(5) NOT NULL
) ENGINE=InnoDB DEFAULT CHARSET=utf8mb4 COLLATE=utf8mb4_general_ci;

--
-- Dumping data for table `bookings`
--

INSERT INTO `bookings` (`BookingID`, `BookingDate`, `PaymentStatus`, `ListingID`, `BookingStatus`, `Duration`, `CheckIn`, `CheckOut`, `Subtotal`, `VAT`, `PayoutAmount`, `TotalAmount`, `RefundAmount`, `MerchantID`, `TravelerID`) VALUES
(1000001, '2024-01-10 14:23:00', 'successful', 1000201, 'pending', '3', '2024-02-01 15:00:00', '2024-02-04 12:00:00', 15000.00, 1800.00, 1200.00, 16800.00, 0.00, 102, 10015),
(1000002, '2024-01-12 09:45:00', 'failed', 1000202, 'accepted', '5', '2024-03-10 15:00:00', '2024-03-15 12:00:00', 12500.00, 1500.00, 1000.00, 14000.00, 0.00, 102, 10018),
(1000003, '2024-01-15 16:30:00', 'in-progress', 1000203, 'pending', '2', '2024-04-20 15:00:00', '2024-04-22 12:00:00', 20000.00, 2400.00, 1600.00, 22400.00, 0.00, 102, 10022),
(1000004, '2024-01-20 11:00:00', 'successful', 1000204, 'ready', '1', '2024-05-05 15:00:00', '2024-05-06 12:00:00', 5000.00, 600.00, 400.00, 5600.00, 0.00, 103, 10015),
(1000005, '2024-01-22 14:30:00', 'in-progress', 1000205, 'checked-in', '4', '2024-05-20 15:00:00', '2024-05-24 12:00:00', 18000.00, 2160.00, 1440.00, 20160.00, 0.00, 103, 10018),
(1000006, '2024-01-25 10:15:00', 'successful', 1000206, 'completed', '7', '2024-06-10 15:00:00', '2024-06-17 12:00:00', 21000.00, 2520.00, 1680.00, 23520.00, 0.00, 103, 10022),
(1000007, '2024-01-30 12:00:00', 'failed', 1000207, 'pending', '2', '2024-07-01 15:00:00', '2024-07-03 12:00:00', 8000.00, 960.00, 640.00, 8960.00, 0.00, 105, 10015),
(1000008, '2024-02-02 09:00:00', 'successful', 1000208, 'accepted', '5', '2024-07-15 15:00:00', '2024-07-20 12:00:00', 15000.00, 1800.00, 1200.00, 16800.00, 0.00, 105, 10018),
(1000009, '2024-02-05 14:45:00', 'in-progress', 1000209, 'pending', '3', '2024-08-05 15:00:00', '2024-08-08 12:00:00', 14000.00, 1680.00, 1120.00, 15680.00, 0.00, 105, 10022),
(1000010, '2024-02-10 11:30:00', 'failed', 1000210, 'pending', '4', '2024-09-01 15:00:00', '2024-09-05 12:00:00', 25000.00, 3000.00, 2000.00, 28000.00, 0.00, 105, 10015),
(1000011, '2024-02-12 08:00:00', 'successful', 1000201, 'accepted', '6', '2024-10-01 15:00:00', '2024-10-07 12:00:00', 30000.00, 3600.00, 2400.00, 33600.00, 0.00, 102, 10018),
(1000012, '2024-02-15 15:30:00', 'in-progress', 1000202, 'ready', '2', '2024-11-01 15:00:00', '2024-11-03 12:00:00', 11000.00, 1320.00, 880.00, 12320.00, 0.00, 102, 10022),
(1000013, '2024-02-18 10:15:00', 'failed', 1000203, 'pending', '4', '2024-12-01 15:00:00', '2024-12-05 12:00:00', 19000.00, 2280.00, 1520.00, 21280.00, 0.00, 102, 10015),
(1000014, '2024-02-20 13:45:00', 'successful', 1000204, 'completed', '7', '2024-12-20 15:00:00', '2024-12-27 12:00:00', 22000.00, 2640.00, 1760.00, 24640.00, 0.00, 103, 10018),
(1000015, '2024-03-01 14:00:00', 'in-progress', 1000205, 'checked-in', '3', '2024-01-01 15:00:00', '2024-01-04 12:00:00', 15500.00, 1860.00, 1240.00, 17360.00, 0.00, 103, 10022),
(1000016, '2024-03-05 10:30:00', 'failed', 1000206, 'pending', '2', '2024-02-01 15:00:00', '2024-02-03 12:00:00', 7000.00, 840.00, 560.00, 7840.00, 0.00, 103, 10015),
(1000017, '2024-03-10 16:00:00', 'successful', 1000207, 'completed', '5', '2024-03-01 15:00:00', '2024-03-06 12:00:00', 12500.00, 1500.00, 1000.00, 14000.00, 0.00, 105, 10018),
(1000018, '2024-03-12 14:45:00', 'in-progress', 1000208, 'accepted', '6', '2024-04-01 15:00:00', '2024-04-07 12:00:00', 14000.00, 1680.00, 1120.00, 15680.00, 0.00, 105, 10022),
(1000019, '2024-03-15 11:30:00', 'failed', 1000209, 'pending', '4', '2024-05-01 15:00:00', '2024-05-05 12:00:00', 16500.00, 1980.00, 1320.00, 18480.00, 0.00, 105, 10015),
(1000020, '2024-03-20 09:15:00', 'successful', 1000210, 'ready', '2', '2024-06-01 15:00:00', '2024-06-03 12:00:00', 11000.00, 1320.00, 880.00, 12320.00, 0.00, 105, 10018),
(1000021, '2024-04-01 10:00:00', 'in-progress', 1000201, 'checked-in', '7', '2024-07-01 15:00:00', '2024-07-08 12:00:00', 22000.00, 2640.00, 1760.00, 24640.00, 0.00, 102, 10022),
(1000022, '2024-04-05 12:15:00', 'failed', 1000202, 'pending', '3', '2024-08-01 15:00:00', '2024-08-04 12:00:00', 11500.00, 1380.00, 920.00, 12880.00, 0.00, 102, 10015),
(1000023, '2024-04-10 14:45:00', 'successful', 1000203, 'accepted', '5', '2024-09-01 15:00:00', '2024-09-06 12:00:00', 19000.00, 2280.00, 1520.00, 21280.00, 0.00, 102, 10018),
(1000024, '2024-04-15 13:00:00', 'in-progress', 1000204, 'checked-in', '4', '2024-10-01 15:00:00', '2024-10-05 12:00:00', 16000.00, 1920.00, 1280.00, 17920.00, 0.00, 103, 10022),
(1000025, '2024-04-20 16:30:00', 'failed', 1000205, 'pending', '2', '2024-11-01 15:00:00', '2024-11-03 12:00:00', 8000.00, 960.00, 640.00, 8960.00, 0.00, 103, 10015),
(1000026, '2024-05-01 10:30:00', 'successful', 1000206, 'completed', '6', '2024-12-01 15:00:00', '2024-12-07 12:00:00', 18000.00, 2160.00, 1440.00, 20160.00, 0.00, 103, 10018),
(1000027, '2024-05-05 12:00:00', 'in-progress', 1000207, 'pending', '3', '2024-01-01 15:00:00', '2024-01-04 12:00:00', 10500.00, 1260.00, 840.00, 11760.00, 0.00, 105, 10022),
(1000028, '2024-05-10 09:30:00', 'failed', 1000208, 'pending', '2', '2024-02-01 15:00:00', '2024-02-03 12:00:00', 6500.00, 780.00, 520.00, 7280.00, 0.00, 105, 10015),
(1000029, '2024-05-15 14:15:00', 'successful', 1000209, 'accepted', '5', '2024-03-01 15:00:00', '2024-03-06 12:00:00', 17000.00, 2040.00, 1360.00, 19040.00, 0.00, 105, 10018),
(1000030, '2024-05-20 11:00:00', 'in-progress', 1000210, 'checked-in', '4', '2024-04-01 15:00:00', '2024-04-05 12:00:00', 14000.00, 1680.00, 1120.00, 15680.00, 0.00, 105, 10022);

-- --------------------------------------------------------

--
-- Table structure for table `inclusions`
--

CREATE TABLE `inclusions` (
  `InclusionID` int(11) NOT NULL,
  `InclusionName` varchar(30) NOT NULL,
  `InclusionDescription` varchar(50) NOT NULL
) ENGINE=InnoDB DEFAULT CHARSET=utf8mb4 COLLATE=utf8mb4_general_ci;

--
-- Dumping data for table `inclusions`
--

INSERT INTO `inclusions` (`InclusionID`, `InclusionName`, `InclusionDescription`) VALUES
(1, 'Free Breakfast', 'Includes free breakfast for all guests'),
(2, 'Wi-Fi', 'Complimentary high-speed Wi-Fi'),
(3, 'Airport Shuttle', 'Free airport shuttle service'),
(4, 'Pool Access', 'Access to hotel swimming pool'),
(5, 'Gym Access', 'Complimentary access to fitness center'),
(6, 'Parking', 'Free on-site parking available'),
(7, 'Daily Housekeeping', 'Daily cleaning and fresh linens'),
(8, 'In-Room Coffee', 'Complimentary coffee and tea in room'),
(9, 'TV Channels', 'Free access to premium TV channels'),
(10, 'Welcome Drink', 'Complimentary welcome drink upon arrival'),
(11, 'Room Upgrade', 'Complimentary room upgrade upon availability'),
(12, 'Late Checkout', 'Extended checkout time upon request'),
(13, 'Early Check-In', 'Early check-in upon availability'),
(14, 'Mini-Bar', 'Complimentary mini-bar items'),
(15, 'Bathrobe and Slippers', 'Complimentary bathrobe and slippers in room'),
(16, 'Concierge Service', 'Personalized concierge assistance'),
(17, 'Luggage Storage', 'Free luggage storage service'),
(18, 'Beach Access', 'Direct access to the beach'),
(19, 'Spa Credits', 'Credits for resort spa services'),
(20, 'Golf Access', 'Free or discounted access to golf course'),
(21, 'Water Sports', 'Complimentary use of water sports equipment'),
(22, 'Children’s Activities', 'Access to kids’ club and activities'),
(23, 'Dinner Voucher', 'Voucher for a free dinner at on-site restaurant'),
(24, 'Fitness Classes', 'Free participation in fitness classes'),
(25, 'Butler Service', 'Personalized butler service available'),
(26, 'Private Beach Area', 'Exclusive access to private beach area'),
(27, 'Helicopter Transfer', 'Complimentary helicopter transfer service'),
(28, 'Wine Tasting', 'Complimentary wine tasting session'),
(29, 'Personalized Welcome', 'Customized welcome amenities in room'),
(30, 'Gourmet Breakfast', 'Exclusive gourmet breakfast options');

-- --------------------------------------------------------

--
-- Table structure for table `merchant`
--

CREATE TABLE `merchant` (
  `MerchantID` int(3) NOT NULL,
  `BusinessName` varchar(50) NOT NULL,
  `Email` varchar(50) NOT NULL,
  `Contact` varchar(13) NOT NULL,
  `Address` varchar(100) NOT NULL,
  `isApproved` tinyint(4) NOT NULL,
  `BusinessType` varchar(20) NOT NULL,
  `TravelerID` int(5) NOT NULL
) ENGINE=InnoDB DEFAULT CHARSET=utf8mb4 COLLATE=utf8mb4_general_ci;

--
-- Dumping data for table `merchant`
--

INSERT INTO `merchant` (`MerchantID`, `BusinessName`, `Email`, `Contact`, `Address`, `isApproved`, `BusinessType`, `TravelerID`) VALUES
(102, 'Sunset Travel Agency', 'info@sunsettravel.com', '+1234567890', '789 Pine Road, Gotham', 1, 'Travel Agency', 10015),
(103, 'Ocean Breeze Tours', 'contact@oceanbreezetours.com', '+2233445566', '101 Maple Lane, Star City', 1, 'Tour Operator', 10018),
(104, 'Lakeside Adventures', 'support@lakesideadventures.com', '+3344556677', '606 Aspen Street, Lakeside', 0, 'Adventure Travel', 10021),
(105, 'Pleasantville Escapes', 'hello@pleasantvilleescapes.com', '+4455667788', '707 Fir Road, Pleasantville', 1, 'Vacation Packages', 10022);

-- --------------------------------------------------------

--
-- Table structure for table `rooms`
--

CREATE TABLE `rooms` (
  `RoomID` int(8) NOT NULL,
  `RoomName` varchar(30) NOT NULL,
  `RoomQuantity` int(2) NOT NULL,
  `RoomRate` decimal(10,2) NOT NULL,
  `GuestPerRoom` int(2) NOT NULL,
  `MerchantID` int(3) NOT NULL
) ENGINE=InnoDB DEFAULT CHARSET=utf8mb4 COLLATE=utf8mb4_general_ci;

--
-- Dumping data for table `rooms`
--

INSERT INTO `rooms` (`RoomID`, `RoomName`, `RoomQuantity`, `RoomRate`, `GuestPerRoom`, `MerchantID`) VALUES
(1000201, 'Deluxe Suite', 5, 5000.00, 2, 102),
(1000202, 'Standard Room', 10, 2500.00, 2, 102),
(1000203, 'Single Room', 8, 2000.00, 1, 102),
(1000204, 'Luxury Cabin', 4, 7000.00, 2, 103),
(1000205, 'Family Suite', 6, 6000.00, 4, 103),
(1000206, 'Economy Room', 12, 1800.00, 2, 103),
(1000207, 'Ocean View Suite', 3, 8000.00, 2, 105),
(1000208, 'Garden Room', 5, 3000.00, 2, 105),
(1000209, 'Cozy Cabin', 7, 2200.00, 2, 105),
(1000210, 'Honeymoon Suite', 2, 12000.00, 2, 105);

-- --------------------------------------------------------

--
-- Table structure for table `room_gallery`
--

CREATE TABLE `room_gallery` (
  `RoomImageID` int(2) NOT NULL,
  `ImageFile` blob NOT NULL,
  `RoomID` int(8) NOT NULL
) ENGINE=InnoDB DEFAULT CHARSET=utf8mb4 COLLATE=utf8mb4_general_ci;

-- --------------------------------------------------------

--
-- Table structure for table `room_inclusions`
--

CREATE TABLE `room_inclusions` (
  `RoomInclusionID` int(3) NOT NULL,
  `InclusionID` int(3) NOT NULL,
  `RoomID` int(8) NOT NULL
) ENGINE=InnoDB DEFAULT CHARSET=utf8mb4 COLLATE=utf8mb4_general_ci;

--
-- Dumping data for table `room_inclusions`
--

INSERT INTO `room_inclusions` (`RoomInclusionID`, `InclusionID`, `RoomID`) VALUES
(1, 1, 1000201),
(2, 2, 1000201),
(3, 4, 1000201),
(4, 8, 1000201),
(5, 9, 1000201),
(6, 1, 1000202),
(7, 2, 1000202),
(8, 4, 1000202),
(9, 8, 1000202),
(10, 9, 1000202),
(11, 1, 1000203),
(12, 2, 1000203),
(13, 4, 1000203),
(14, 8, 1000203),
(15, 9, 1000203),
(16, 1, 1000204),
(17, 2, 1000204),
(18, 6, 1000204),
(19, 8, 1000204),
(20, 10, 1000204),
(21, 1, 1000205),
(22, 2, 1000205),
(23, 6, 1000205),
(24, 8, 1000205),
(25, 10, 1000205),
(26, 1, 1000206),
(27, 2, 1000206),
(28, 6, 1000206),
(29, 8, 1000206),
(30, 10, 1000206),
(31, 1, 1000207),
(32, 2, 1000207),
(33, 7, 1000207),
(34, 8, 1000207),
(35, 10, 1000207),
(36, 1, 1000208),
(37, 2, 1000208),
(38, 7, 1000208),
(39, 8, 1000208),
(40, 10, 1000208),
(41, 1, 1000209),
(42, 2, 1000209),
(43, 7, 1000209),
(44, 8, 1000209),
(45, 10, 1000209),
(46, 1, 1000210),
(47, 2, 1000210),
(48, 7, 1000210),
(49, 8, 1000210),
(50, 10, 1000210);

-- --------------------------------------------------------

--
-- Table structure for table `room_view`
--

CREATE TABLE `room_view` (
  `RoomViewID` int(3) NOT NULL,
  `ViewID` int(3) NOT NULL,
  `RoomID` int(8) NOT NULL
) ENGINE=InnoDB DEFAULT CHARSET=utf8mb4 COLLATE=utf8mb4_general_ci;

--
-- Dumping data for table `room_view`
--

INSERT INTO `room_view` (`RoomViewID`, `ViewID`, `RoomID`) VALUES
(1, 1, 1000201),
(2, 2, 1000201),
(3, 4, 1000201),
(4, 5, 1000201),
(5, 9, 1000201),
(6, 2, 1000202),
(7, 4, 1000202),
(8, 6, 1000202),
(9, 8, 1000202),
(10, 10, 1000202),
(11, 1, 1000203),
(12, 3, 1000203),
(13, 5, 1000203),
(14, 7, 1000203),
(15, 9, 1000203),
(16, 1, 1000204),
(17, 2, 1000204),
(18, 6, 1000204),
(19, 8, 1000204),
(20, 10, 1000204),
(21, 3, 1000205),
(22, 4, 1000205),
(23, 7, 1000205),
(24, 9, 1000205),
(25, 11, 1000205),
(26, 2, 1000206),
(27, 5, 1000206),
(28, 6, 1000206),
(29, 8, 1000206),
(30, 12, 1000206),
(31, 1, 1000207),
(32, 2, 1000207),
(33, 7, 1000207),
(34, 8, 1000207),
(35, 9, 1000207),
(36, 4, 1000208),
(37, 5, 1000208),
(38, 6, 1000208),
(39, 8, 1000208),
(40, 10, 1000208),
(41, 7, 1000209),
(42, 8, 1000209),
(43, 9, 1000209),
(44, 11, 1000209),
(45, 12, 1000209),
(46, 1, 1000210),
(47, 5, 1000210),
(48, 7, 1000210),
(49, 9, 1000210),
(50, 10, 1000210);

-- --------------------------------------------------------

--
-- Table structure for table `transportations`
--

CREATE TABLE `transportations` (
  `TransportationID` int(8) NOT NULL,
  `VehicleName` varchar(30) NOT NULL,
  `Model` varchar(30) NOT NULL,
  `Brand` varchar(30) NOT NULL,
  `Capacity` varchar(2) NOT NULL,
  `RentalPrice` decimal(10,2) NOT NULL,
  `MerchantID` int(3) NOT NULL
) ENGINE=InnoDB DEFAULT CHARSET=utf8mb4 COLLATE=utf8mb4_general_ci;

--
-- Dumping data for table `transportations`
--

INSERT INTO `transportations` (`TransportationID`, `VehicleName`, `Model`, `Brand`, `Capacity`, `RentalPrice`, `MerchantID`) VALUES
(1000101, 'Luxury Sedan', 'S-Class', 'Mercedes', '4', 8000.00, 102),
(1000102, 'SUV', 'X5', 'BMW', '5', 12000.00, 102),
(1000103, 'Minivan', 'Odyssey', 'Honda', '7', 15000.00, 102),
(1000104, 'Standard Taxi', 'Camry', 'Toyota', '4', 3000.00, 102),
(1000105, 'Convertible', 'Mustang', 'Ford', '2', 5000.00, 103),
(1000106, 'Luxury Coach', 'Neoplan', 'Mercedes', '50', 35000.00, 103),
(1000107, 'Standard Bus', 'Sprinter', 'Mercedes', '20', 20000.00, 103),
(1000108, 'Executive Van', 'Elgrand', 'Nissan', '8', 18000.00, 105);

-- --------------------------------------------------------

--
-- Table structure for table `transportation_gallery`
--

CREATE TABLE `transportation_gallery` (
  `TranspotationImageID` int(2) NOT NULL,
  `ImageFile` blob NOT NULL,
  `TransportationID` int(8) NOT NULL
) ENGINE=InnoDB DEFAULT CHARSET=utf8mb4 COLLATE=utf8mb4_general_ci;

-- --------------------------------------------------------

--
-- Table structure for table `traveler`
--

CREATE TABLE `traveler` (
  `TravelerID` int(5) NOT NULL,
  `FirstName` varchar(50) NOT NULL,
  `LastName` varchar(50) NOT NULL,
  `Email` varchar(50) NOT NULL,
  `Mobile` varchar(13) NOT NULL,
  `Address` varchar(100) NOT NULL,
  `ProfilePic` blob DEFAULT NULL,
  `Username` varchar(30) NOT NULL,
  `Password` varchar(30) NOT NULL,
  `isMerchant` tinyint(4) NOT NULL,
  `isDeactivated` tinyint(4) NOT NULL,
  `isSuspended` tinyint(4) NOT NULL,
  `isBanned` tinyint(4) NOT NULL
) ENGINE=InnoDB DEFAULT CHARSET=utf8mb4 COLLATE=utf8mb4_general_ci;

--
-- Dumping data for table `traveler`
--

INSERT INTO `traveler` (`TravelerID`, `FirstName`, `LastName`, `Email`, `Mobile`, `Address`, `ProfilePic`, `Username`, `Password`, `isMerchant`, `isDeactivated`, `isSuspended`, `isBanned`) VALUES
(10012, 'Kimberly Mae', 'Alipin', 'kimberlymaealipin@gmail.com', '+639062773778', 'Basak San Nicolas Cebu City', 0xffd8ffe000104a46494600010100000100010000ffe201d84943435f50524f46494c45000101000001c86c636d73021000006d6e74725247422058595a2007e2000300140009000e001d616373704d53465400000000736177736374726c0000000000000000000000000000f6d6000100000000d32d68616e649d91003d4080b03d40742c819ea5228e000000000000000000000000000000000000000000000000000000000000000964657363000000f00000005f637072740000010c0000000c7774707400000118000000147258595a0000012c000000146758595a00000140000000146258595a00000154000000147254524300000168000000606754524300000168000000606254524300000168000000606465736300000000000000057552474200000000000000000000000074657874000000004343300058595a20000000000000f35400010000000116c958595a200000000000006fa0000038f20000038f58595a2000000000000062960000b789000018da58595a2000000000000024a000000f850000b6c463757276000000000000002a0000007c00f8019c0275038304c9064e08120a180c620ef411cf14f6186a1c2e204324ac296a2e7e33eb39b33fd646574d3654765c17641d6c8675567e8d882c92369caba78cb2dbbe99cac7d765e477f1f9ffffffdb008310000a000a000a000a000b000a000c000d000d000c00100011000f001100100018001600140014001600180024001a001c001a001c001a0024003600220028002200220028002200360030003a002f002c002f003a003000560044003c003c0044005600640054004f005400640079006c006c007900980091009800c700c7010cffdb008311000a000a000a000a000b000a000c000d000d000c00100011000f001100100018001600140014001600180024001a001c001a001c001a0024003600220028002200220028002200360030003a002f002c002f003a003000560044003c003c0044005600640054004f005400640079006c006c007900980091009800c700c7010cffc100110803e802ee03012200021101031101ffc4001f0000010501010101010100000000000000000102030405060708090a0bffc400b5100002010303020403050504040000017d01020300041105122131410613516107227114328191a1082342b1c11552d1f02433627282090a161718191a25262728292a3435363738393a434445464748494a535455565758595a636465666768696a737475767778797a838485868788898a92939495969798999aa2a3a4a5a6a7a8a9aab2b3b4b5b6b7b8b9bac2c3c4c5c6c7c8c9cad2d3d4d5d6d7d8d9dae1e2e3e4e5e6e7e8e9eaf1f2f3f4f5f6f7f8f9faffc4001f0100030101010101010101010000000000000102030405060708090a0bffc400b51100020102040403040705040400010277000102031104052131061241510761711322328108144291a1b1c109233352f0156272d10a162434e125f11718191a262728292a35363738393a434445464748494a535455565758595a636465666768696a737475767778797a82838485868788898a92939495969798999aa2a3a4a5a6a7a8a9aab2b3b4b5b6b7b8b9bac2c3c4c5c6c7c8c9cad2d3d4d5d6d7d8d9dae2e3e4e5e6e7e8e9eaf2f3f4f5f6f7f8f9faffda000c03010002110311003f00f5da28a2a8a0a28a2800a28a2800a28a2800a28a2800a28a2800a3a5145001451454805145141214514500145145001494628c500348a61623a7352f41514b90323a54b1a01329183c1a7065238e6a8313e9501126728c4115171d9179e3e6a22590f1dbb55237d2c67122138ee054a97493f0a707d0f5a5728b4b7608c1e0d549831393820f4a7b5af04e49acf7f3636e395a405a456efc0ab2a00ef5423bac8c77a9d242cc00eb4d302d7beec534c8475a1d188e98aad96070ddab5466cb224cf5c54b0805b8ec3354723391534321522ac9353760806a09225c641efd2992c80818350091830cd0809cc385c839a88af1565864654e41a888e306a882930c10454886a5040eab9148002723a550842a01c8a5da720d2e29ca40e0d0029552bc1e475a60c9a5e067148322800e01c1ce050a06ee0e69ed1e501ee4669b1000d26522e8381834a0934d539141914719ac1b3543c71413501989e82a3dcc4e09a8731a45bdc3d68041e9500c0ea6955941c6697307216290534114e06a930014b4515a00514514005145154014514500145145001482968140082968a2a491a69a694914d27b0a450c22a235213509acca133485b8a426984f18a40341069f9a8c75a7e6921884d30f34a4e2984d318a4d39718a6039a506992389149d4d2120d19c55a00a0e28eb484d3258a3938a781c8f4a8c649ab2a0f15680728c74a9d40a60153a0e2801c053e900c714a6800a28a2800a28a2800a28a2800a28a2800a28a2800a28a2800a28a28013a502968a900a4240eb41269a403d7b5003852d20e06296800a28a282428a2a363818a4d942938e9cd5762d530e066a16c13927150d8222c6719a5201381d686900c014dfb4c68324e0d228436ac7938359d71638c94e1aae0bc791b0885852b1690105769a4d260ae8a31dedc46b8917781dc70452a5cc72e4ae0fa83524d61bd73e61047a015cecd6b2a3101b9159b6d14accd72021381907b8a96d9f12282a403c8358693cf070ca5949c64f6ad386ec600570d9e942680d437589319c8a5621b04f7aa2cad9dc5720d421d8120938ad5325a3406011e95230c723a553494f43c8a9ccb9008fc8d68990d0f249008e31520208e7ad57dc48e462915b0707a1ab4ccd9756428704e45485813c77aa79e3d41a23720e0f4aa02738070680413814d6cb0a455208cf4a009ca9c5341c1e956b03193cf15548c1e298003cd18cd33e869e381c9a64224693e4c74e31512b05a648e31c76a8d581ac26cda08b265240029048a3926a2c8c601a85864e4d62d9b245b336785e2a232313d6a05200c1eb4e0c33cd66d8cb2012396a942a8e4b55432802a31213d4d006b82a4601a7640e9598ac47435611c9ef4d325a2e839a754280839eb528ade0ee66d58514514558c28a28aa00a28a2800a28a2800a28a050014869690d4810938a88922a6207a542c2a010d24f7a69341a612715050122a227071464d333939a43250001c50073c520381c51920503020e2abb31048ed53126984669808ad9038a75394003a52e01eb4c923e2834f20138cd26c27a1ab40341c519cf4a76c6a55423b5592d8e4000ab2a2a2518e0d4e3229a0260a314f03029aa7352d00141a28340051451400514514005145140051451400514514005145140051451400518a28140051451520028a28a0029a49029d498cd00446422a10e49e78a7c809240a80823ad64ca44a371e878a826240eb51bcfe5a920d4312cb70c1c7434ae3101773951c1ab50daa939619356a3814007d2a5ca838aa4886c1628d0602802919011c2f34d2c7b1c50260a39aa7ca042f0920e383585750ca849c64f7c56d8ba0e48db8a86531b1c0e49eb593e52d1ce1b90c851d3191d40eb5461b6647590723a8f4ad8ba8149240c62aa0252320ae0118c1ac4b43bedd2709d6acc5209400783f9562c6d186218907d476a71760d90fc83f2b0e2a94d85a26d10d08254e7d6a58668dd7e6e09acc4b998a61c0351296ddd3f0ed56a64d8da8e5058a3743d0d2b803820e0f71594d312318c54f6f76d9d8e4118e09ea2ae150cdc0bf193c8ce476a9411907d2aa6f00e5791e95382186475ad94c8b1a30a890f5a95d140e3ad410b8f94e30454ed203de84c76180902999e7069782081498e33e956990d0def4c2c7a0a46718c0eb555dc8e3bd44e761c204921001c9c5420123af02a13213d7b54b136460702b91ceece84ac87172bd39a41b88c938a57658c67bd517989ce0f1daa18d22c3be0f069a1c9e73c552df8f7340989c8c74a451781f7a901c1e2a907c8c66a4572393cd08934564a9e324d518df8ab71c86a908d18c918a9c1cd5047ab71b67ad6d021935148296b62028a28aa2828a28a0028a28a0028a28a00414d27038a7d576241c540016355cb1cd48483d6a16381591626e35196a424d349c0a4005b029ab8269a4e4f34a808a4325141a60c519a6214d2818a6e6941a63173cf34d3c529619c1a6939c62ac9106453c1229a0668e455225928639e6a706ab2024d58008ab404ea549c9153285355141cd5a4000a1923c01da9d4d1c53a8282834506800a28a2800a28a2800a28a2800a28a2800a28a2800a28a2800a28a2800a28a2800a28a2800a414b49d2a4009a5a4c52d003303ad519d820249e95789ac8bc0f20c03c761eb58cdd8a895558dcca11456ea2ac48a1470062a9dac3e420047279622aeafcdc629406c7a1c8a63b04a7175407240c0acab9ba8ce40604e2adcd24425ef0f9ee540c83541ae94e30726b1e79983924f1dc1a92da459186f5c015839b6cd522d35c30ce0f3e9500d49232370ce7afa8a74e5012ca0363b1aa2d359c9c9888901edc8349b28d13392a5d59587a03922aa5cdcc7e4a86c827a11daaa8310395e3daa7985bba60b0240cf5c1153ba030a69995b2a702acc0eb22e77a86238069f20b571c724763598c30ec3b678ed4b619a3209e00ac24dc01e71d3153c3759da49c8ef9eb8aca0cf9393907ad445802a48c015623a173920838cd425995b39c91dc55386e895001c8ed5302ae482d823b5049a71dce501c827a119abd6f3290083c91c8f4ae70ee1c0e31dea68a6607e56e6a94ec2e4b9d747254aac00c9ac1b4bd624875c9ad61227183d6ad4c5634530464530900114c8a408307a1a8e4704e41eb5a2999b456771b88a503239e6a194e083559e72a3239aca6cd121f2101881da84930383545a524124f5a80c8caa4839c562685cb9762010d558ca5473cd41e6364fa71906a36624820f4a605af38903031406c1c9ef5581c726a5524f23a7ad224b4a467a62a707815472460835610934d211750d5a438e735450e0d5a4354908be8c322ad21e78acf4209ab519ab423454e453ea92be2ac2be6b44c925a29a0d28ab4c05a28a2980628a28a0028a28a0061381c530b03d78a1ce3a5420e054b011801d2a1638a717c1c1e94c6208e2b22c65459a7671c534d40c4ea681c520e0d2e6a900b9a4271484e39a4ce68b8003cd381c5458e69f8a6807669338a4cf4a41c9e6b424782294f34c1814f1c9ab404a831538151a0a9075e6a9124c981538151aa9a940c0a1923a8a28a9282834506a8028a28a0028a28a0028a28a0028a28a0028a28a0028a28a0028a28a0028a28a00281451400514520a9016a376c0a71200c9aa52be727b74159c9d9025716494918079ef51c792724702a3400062792698d2907038ac1b354ac5c3c9ebc54535f416e305b26b366bf58860e7dcd62cceb20c96e4f20134738587df5fbcb2e46401c0cd471dd214c725fd4f154847248463a0ed57a1b78e08cbb7248e73d2a6edb1d922358b7a17604e3bd5eb611e080003e9596f76e090838f43535948ec5dcae3d39a40cd136b1c8704e3359f2426d646c72c3a67a629d35c38272303b126b3a7bb4240de4fb668045b12c4ed92983f9806aadd2991891d40e71deb3fce6570519881d05324bd915864d01723f35918678a9d8a9c103822aa34c24c13807ad304849001e0f514ec172d90a17838c139a88956190791c542ae77e09da08c73d0d2fdc380724f2280b92212092391562371bb927775aa6b291c15c60f3ef4e382d9cfbd052344392083926a4520e081f5aa914ca4633834f57c13839c526335612ca411dbbd6b2ba38ea09ae7e39b24639ab89210338c1cf14d31347428e5a3e4f238a6ee39c1e6aa45336de7ad422621989cd52667626b8940071dab28cae4e4e00f4a26998b900f1dcfad5304e4927350ddd94916cca0e00cd3036064f3e9502920f1c8a5320031d850864ec485048c67bd56df96e0e6a413828548c8f5cf350e54f46fa532498393c83cd4e262000455455231cf029e091c7bd3116d6404e3f2ab0ac2b3d09040c5580c0724f02803454e2a7070056729c9a9d1b0706a893451aacabe3a567a1c77a983e4f5e2802f87ab31b0c726b295f15387f4354068893079e454eae0918acc12638353c2e320d526497c9c0a68719a89db8a8164c9c53bb02f839a5aa81f18356158119156a603e8a28a6495dc106a1278a95c9cd426b36cd115c9e69a4f7141e4d4678e9593650a4e7a52034c24e7229c08a0618c75a3a546580a378a0079e075a8f247d0529614cc835421d9c8a7827151834a4900534202681d79a6e49a7015aa112039a95413d2a3000e953a631548964aa315228e6a3152022a901654d4b55d0e7a54e0e693245a28a29000a28a0d00145145514145145001451450014514500145145001451450014514500140a28a900a28a6e40e4d500ea8cb80d81c9a5049e00e3d680a00e2a406480e327a0aa2583b6d1d055c9dca2920562c73042c5ba67a573d4766694cbf2b22050064565df5d221214807b50d72ae1cb9c0ed5cec9e7cee4807692719ec2b16cd06cd2cb3bfcbc81daa586d954e5f927b53a28446012326a425472c4803a54a18a6e0c40e1060d5092ed886cf209ec699717583b40c8cd6796e4806a845d80a16258e481c0e98ad5b03113207073b78c76ae7c641524802ba1d28ab09f18c1502844b30649981619c8c9ebe99aa05943107822a5b8043901b3cf07af19a80839c8038a121163a8049e7a64d4327231d483c534b83d6a2330ea33ec6ac4230c11f9d45909ea0e79a7b499c1c544c548c1c927bd348090b93c63069e8c4b63a5560704fbd3839054839c76a00bce30403e9c5460fcd80b802a32c4907b9a7839238e450344aa0e383d7a55c4019010c323ad679dca739238c7b55800900e473cd43342cc6c0120b633d2afc331000c83cf5acc53d335661200c771d6a46691b920e39cd46f212b90dce7a66ab03939a8f0e0e41152d8244826c1c11d2a066e491d29ae58300c307151e410411c9a404fb89e4138f4a8c961d783da9aa464d48482381d3a56889101c0c034ecf400e6a31c9e0e0d00e0e0826a844e320726a40cd9a80119c0a78201c1aa20b20fa9c558009c1231ed54d5b071d6a6527a0a00b484fe22acae3154d080062a70e40a092e06c8a78623835481cd4a1b814016c1c54aae739aa81bde977803835405ef332719e956a17c9ac90e322aec2dcf141363459f039e951823a8a8647e298873d68b81743641c5321988700f23b8a8c1e08aaa5cabe41c51703a1c8001f5a5041aa8accd164107d40a921248e7a8aa536161f20c8aa4cd818357cd665ca15349b2d111619e2a263c520e3bd21350502834e6e3a1a6038ef416c8a0761a79ef5096c600eb4f27078a8ce09a0428627af14fc9c8ef51038c54a08aa403c734a4faf6a6e7a5309c9aa448f045480e6a05ce78ab02b4112019a9978a881c5480e4d512c981a70350834a0e6b4449650d59539aa6a40ab0ac2811628a8c3034e0735231d41a414a6a4a0a28a2a8028a28a0028a28a0028a28a0028a28a0028a28a0028a28a0028a28a901090064f1518cb9cf6f4a7119ebd29c062a8000c5048032780296a8df4fe544fdb8eb50dda224af22add5cab93183597713471a609009e2a843313b9c9c124d559a4695c03d33c570b6d9d2958b084b924fdd1d2ac29c020fca054319088011922ab5c5c9270076e9da818f9a65c100f3e959f733810a803918e7bd32578f6b127e63deb3e42d201ce680116505b24649e9ef568ba8550060f6151431a90d95e01e4d46460e18fd2a844e429230722b4f4a99239250e01ca8c11d4573c588c60e062ac695366f901e4b29029a440d9f026948520063807a815519c1c632055ad40797752a0247354d572064640a12b080e4701b24d572a4124f3ed53150324820534919c60f3ce4f4aa4046118f45a6e70707153038249271509604e4e2a84211ce73d29c9ce3239a68000eb827a1a7280382706801cd90dd718a963603040e73d6a1273d78352c7d3a704649a9296a5b20c8066adc2630854f24d16d6e645383820640ef56a1b19242014271e82b16ec6c9158460b64722aca424904722b6adb48c63793922b5e2b1850602f4e86b37345a81c99b698606c38233d29e6d2438c0c67b5768b1a818232074a8f62838238a8e62b94e3ce9f316f9c0200a73694c141c102bb310c79191c54a6d90af4c8a69b25d91c18d3f03938e7341b2239192476f5aec5ec15f90718ed8aa2d68d19c1e41ab4da26d13996b363d14fd45305b30cf5e39ae91a30b818c66a3fb364e6a95413a68e78c2c30083cd1e59072466ba2fb2363247155a48003823dead4c974cc700f18a701839078abc6119248cd37c951d39cd519b52200c41c93c54c0f20e3ad010700f0734a6303a7005512d31ca73d6a50d9383c542171d79a51c8c9ea0d0162c03cd05803806a11c74a616f4e714017236049f7abd0b002b2a3639009ebdaaf46c00a045a6939a15f238aa8ce338cf5a54622826c6823e473504c486a236cf34c98822802cdadc10402783c62af28742083904e6b9b59083d79ad6b798c884024e38a92d1b3b89191c50409508239155ed5cb128ddba55b2bb0820f1de9a0325810c4118238aac49ce3ad5fbdc6432e304735960e4d22d1283c521381c9a69350b9e2a8a0049a70c938a854915221e6825812053d4f148e3a1ea29809ebd2a908949c537ad0016ce0138a43c1c1ea2a844c99efdaa61daa0048000a914d5224b0314f06a20460629c0d580fc8cd381e6a3069d9156892707a53c362ab838a0bd5905af3303dea412f159e1893532b5311744b407cd55cd28345a2068d1451599a051451400514514005145140051451400514514005140a2a402802a2dc4b600a905500b451482a49118e05735abcc48081b04f24574840e49ae63554572a41c100f3d6b9eb366b4d184cdb5719c53210cf228eb8a95a3509b8f24763daafdaa451dbbca71b8f241ec2b951b15e7708304f22b16698a9041c9a92ea6324a49aaaeaac321704f029eec08647c9cb1001381532a0000238ea4d370a8402338ed4b2c802e4104f6ab4224258444a0e07a75ace79496eb8ec2869080486c1155779c8c739ab4886c9e69598004038a86298472c4e0e0ab03ef5097393d80a8d70718c7269926d6a4e2599645e14a8aa2a70320f078ad2108b8d343a1cbc648207522b2b6955041c8ea6818a54ed24b640f7e71511248001cf5e69a48e8727d79a41c92318140852c7a1e7348db437538340524e00e3d6a5109c608c9ec451701a0a918c738a58e30481d875e2ac436ad26004208e848e2b5adb4e915b2413d38a8751235853932086d603b482771ea08e335ab169c40c63835ab0db01b4100d6ac50a80062b0755b3a1528a336d74d50391ef9e86b622b758fa0e9528c0e077a70358b9dca4ac348a940a60a9334903233c1a60c13834f2720d57072d40d22d80050188a4078149d475ab4493ab6450d8200ee2a388738cf5a731c1e45519b4b98ab35b6f19030475aa6a00ca91822b50bd52923e491de82915c3b02475cd0f086190307d29eb19c67d2ada947001e0d52198ad0927e5193e9554a10704735d14d6e53040c8359b2105ba60d3bc91294599d8c7045288f2b91c9f4a99d727238a603834d4c4e11223c0a88019cf7356580209038a8b00f4eb54a643444dc29eb4c00804f715608200e304d44475ad53b9935611480c01157148154f193c8a9c1c0eb8029881dc678ce6a58dfb1aa64927934e56c11cd023451bb034e63907d4553490d4bbc60835684576382727a5496d74d03291c83d455699b19f5a8031ea6868675427c11221ebce2b5e19d645193c9ea2b8db39b23693ed5bb6a486c1acb54c764d162eb8ca9195cf06b34ae0e41c8ad89949439e6b1431070463de82911b13ce3a540c79c55a6008c77aa6d90c463a550c51e80d04e063a9a0102a166e78a101791818f04f351838ef55a373d7a54a0e455924a24653c1a7ee2c412306a0047415329c0a6226073d29c33d4d420d4a0f154844aa463069c0f350e40a50fc8c0ab11633cd2838a841e39a5c9cd5924e0d465a901c834d354881ea79a9037a9aac0f3cd3b7015622d16a038155435381a0474545145646a14514500145145001451450014514500145145001451450031540e7b9a7d20a3a5480b48298cc4600ea6919c22924f20526ec248867620601c678ae76f06498fa1eb9ab5737a92f08dc83834d0018fcc6c923939ae29bbc8e982b23226896384ee6cb0e40f51590f2bbe421ce2a5d42e8cd2e1411838ab30dbfd9edc3be39e79ea2b328c80986e739ef524e41550a801f51dea4450f213d06738aa77b302ea157047048ee2a921103960c015041ea4f5aad2b00800e5875f4a9257560a57b706b3dc92727a0ef5aa466d8ff003093c91cf7a40c55812a1b1d6a3009381c60e735720084364e40ef5622b3905b842063914c1c0c63009a95ce5b3d01e950b71c75e6803734db880308b1b44980c7b1a835085ad6492124100e41c75acd0c4152a7041c8f635bf231d56d570b8963e0e3b8a9048e795cf41ce7ad186271d8e6ad456db58861922aec56e495ca823d477a875123454db29dbc2d22800631c56cdae9ec0297cf02b420b455031dba5680e00000005612aa744294510c36ea382335a90423a11902a3b78c93922b59700702b06cd6d62211a8e053d700d1800f149818a918b9c9fa54a6a3403352134082909cd2814d3400846475a8c601eb4f27038a8c0cf34016474c1a69201c0a54e56a3e4b62b424b71904839a91f1d4f4aae3eef1c1a14b6083cd5276462d1308f3c83c1aaef13038078a9c300307823bd359c100834c4b98a7965073d0f5aac5816e0e0d5d908c7d6a9328ea2a4d51a0b2b3a6d2467b566cd0946e79a9a2600806a494093bd69ba125666615a8ca8ce2adba60641cd5638cf140c8ce4718e2a22064e3bd4ef51900f4ed4c9052b8da5791dea16183d69fc0e48a0905795e455264344029f824671518fe66a53caf15a221a2a92037a7a9a011c60e3d294e0f07bd30706ad19b44ea4f06a4cf51deaba9e467b53c9e98ab448c90e41ed550b671e9d33561f272335549183de81166d480f8ce3bf15d2c4e02a90738ae37cc03041c115d0594c0a60f53cd66ca474b1c81d704f045426d1650fce1874aa96d260907b1ab72ca50647142d40c724c6c558f20d31f0c323a8a92e10302e1b27a9aa4a413c75f4a63232c464743511639ebcd589e362a5803c0e7159e0e719ce2ad016d1c62a557c75ef544124e4034f04e0719c5508b9e60cf153238c63bd500dcfa62a75703a11cd512590e41a977018f7aa21f1d7ad384848eb4c0b9b81efd29c1b15514e464d395a9925cde71407391554b0c71da80c45324ba24cf438a378ef554364f14b9aa422d0718a6eecd41be93cce31deb44436582483522b122a986248f6ab4a4951cd5927534514560740514514005145140051451400514514005145140051451d2a404e941200c9ed4b50c8474fc680141001278cf4ac6babd886e895b321e2a4bcba3121c5720ac66ba049c9ea6b9eacac5d346cc16cc8ea5b91c9c53efafa08d3cb07240c60524d3911a9519245645b5b3dcc8f211f221c313dcd731b19b2ab2306c724e455cb8bb3220cf18e481d0d58b916e66503b0e9d39ac69b26420f0050958088bb0391ce6a84b264e7a0ce39ab6ee30ca39c8ce7a5673139c1ad2084d8e0d9c8001a80a9271c1cd0a0eec0eb9a7b1cf38c56a6634000020678c54a980318208f4e9509c15201e453013c02dc74cd0807120b0ce72298412718c629e707907183cd39416230323bd0c121123241c724f6ad5d3da4b697701c91834c861503238c715700e98c74ac673368532e4d0212b246460f2c076353c318c027f0151c031c1e87a8abe1412001c0ae66cdd2b13c2840e0d4a061ba5310e070718ab56e09393c8ac99a9661181cf39ab805468a0722a7142426caee714c5209a74dc5451f24f3d2a46b62c0e0d387269878a7253131c706834679a6b1c5508693c500f634848341381c8a06394e0e01a6b1cb03d0d462420d38904e698138202e0d0873de9a1815e2a30c4138e86a912596390706aa02413934f0c08aae4f240a04912c8463ad44841e2958122a05e09cd0324ce0e3d29589c715092682d91c5500d24d4448c8a909e39a8b9fc450029539e99a61c0278e953c446483dfa54532904907ad5224ac786a439c633d6933938a0f5c534c4d0d0a40e941240c74a70273ed51303c9ab4ccda21c704d440f5cf535276cf426a3231569d8868507078a98f03278aaab9c8e6ac927681d855a664c824230493cf6aad92327a8ab5210472320d516e0900e30715648a48c902addadc18e542471dc550c9233de9d1918c83c834343476f1aa978c83853dcd69bdbe518119c8ac1d3e5335b6320b2f0315d15948d24587ea38e7bd4c01995059b49b81c0ac59e336b360e46338aec2589e26f322e7d57d6b95d50b4971923030302a9a4813b96ed8ac8067193564d8a139001cd65e9c4b9640304720f6c56e47210403d475a480abf6118e14734d3620f5515aa2643ec69448a4d0232058a0246c147d8540c6cad952a79069db69a6c0c3fb1203f73147d8a3ebb715ba003da8d83d29a981882d13a1149f624adcd83a628f254f04534d92619b14e48268fb08c7535b9e4afa502014d3030c5960f5a4364c4f0d815ba61078e94dfb39aa4c9304da48071cd5470c8d8604115d418585665f4394248c11ce6ae1325a328104d5b56c0aa2b907156bb0ad91933b1a28a2b23a428a28a0028a28a0028a28a0028a28a0028a2909c5002d145140098ace9a600b13d3357a4708849ed5cddddc63713d07359b62453d5ae00542a792718ac4b60de7201c9240e2ac4b099e369d988519033469a30c481c9e87d05734f566d0d0bb74b22b00bc8229e2536f6ea89d4f5c55c118cb48dc81c0cd65b380ce41e01e9e950d58a31ee26633127822b3e498e3049269d772ac9312bd3b1a80630c7209a10c8cbe01279cf1555f248193529624f3d074a8800413923156958810641cf27d2819da06681c1c0249ec05319886231c8a6203c92381410a4800f4eb4120e0820d39572700f26a80911493803357228c0c11d475a8e38f278ebd0f6ab91205638e71c563399bd3816428c038c1e95344aa401de999200c54f08e0904f35ccd9ba44e8b9e076abd1617ad5440720f4a9b711d3ad4b344582149c8ad1807ca2b26320b673d2b4a36200a928bca71c0a94360551dd939071530240e4e4d4a64b424a493d69a840e951bbe3ad315e90cb85f18069e1b238aa25fb935209063839a6268b418e29acd9a8448290b64d500f0707ad48738aa8ce73c502424f26801ce4a90452894118355de425b1d4503af0314903468a15da79e6a06ce78340042fa8a63061ce6ac44a8d807bd45e661a84908041e69a082dd28b812b93b720d5604d4ec06dc8ce6aae4e0f14c07162460d339349d68183540388e062984d4bd060741519e6810a84669b2e09ce79a4071c8a0f3408808e4669a7a714e278c6298739aa4c9b0a0e2a39091ec6a45073c53254e79ef5484573d314c201181c9c53c8c0f5a6820119e722ac968afcf43d6a507239e3d69a40dd91c669e380076ab462d11336063f2aaae30a0839c55a6c1e4f6aaae4853e95699990127a839f5a50718cf34c039a0920e7ad588dbd2ee7ca9954b6031c62bb181cc73018241e38af368e4d8ca41c90722bb1b6d4418d09e0e06454ed219d25d070a083c0e6b3ae512ea200ae1fb1029ed70cf0900e548ac85be61ba2739c70a7b8354d9290f8e328a6199006504ab8383562dae229c10cd8906783dc54170249edc320c94e6b1a09104d999588239da7183520753e587191c1a4c11c1ed53dba12ab860508ca91d2892170403d4720fad3008339abb8aad0a1079eb5605201714a0714a05281400805380a5c528142240014014a053ea900dc629714b455a013150488ae082339ab1519c03401cecfa7b2392832a6abbc32ae0608ae94804f150b803048eb54aa3466e9a65fa28a2acd028a28a0028a28a0028a28a0028a28a0029bd48f6a75028013a52d155aea6f26224753c0152067dccc2498203c0e0d606a0e2426243923ad683b471c24b37ce793587e7c5199493927be7a562d9687dccc0a456d18c8e03629f1aac6404ea6b32d8992e5dcf000cfd4d6c5a8601e4238ce013deb3289eeee5561310ea4735cf4d310980706acddcc4cc48e4018158d2b925830159ef22d155882c7dfb0a8242430c0207434e2c7392338a824639c13c1ad12258e201c60f7c114b2150bf28c006a1dc09e698e4e00078aab12207207cbc7bf7a6e4b1c918340030307200a7a819e475a016a49128231b6adc4a38ede950a819eb822aea8c6081803a566d9ad385cb08a71ce38e6a65001c914c07e5e0726a58d4edc1e4d73b6752560e3381d4f15690150011d6a35519e98a981c1c9e40ed59965a5002823ad48a7daab86c918040f4a9d471c520268c8ce08ab4a7031daa92f078ab2ac49c0a9289c03c1a796205300246050c0e31d2a0486960464d301028230793c51807a1a0628c934fc118c74a629c1e39a90b823006314c18a31eb4fc8c54038a783400841ce693a6683c9c8a69a68484039a94022a21d41c54a18e298993e0819cd233647342f3d686000e6a843011d0d2c63e6a602076a7c646684325907cb8aa8091569f04609aae053111124920528e0528a43c77aa014734c391da9549240a7c8bc64d00439a2803271eb4e2a41a0440793519c6722a5c6093dea322a84038f6348e72a327273464fd7d69092571d29a02bb1e703a5424e6a423069a7b66a89688c9e47a5480000544724d4a0e4608e453464d10487071d33555d8938c71572552483daa9900364f4ef5a266630a1c67383500041c1cfbd5d653b4103355e42b820f06b44c8688811c015af60e5891e9d6b141e307f0ed57b4e70b3a92d8078a04761092300f4acabe431cc1d41209cd5d04ab0ef9a8af1898c8ea08a00bda6dec448475c13c7b5676ad6ab049e6427319ea07415970bb0208e306b465669930e68dd0b663f4dd5ded0796ff3464e704f207b56e1d4e2794046cc6795635c3ba056c1e48ab31b82a0138a2eec07a2a4b1ca808e08ec7a8a500572d6b7520da0b138e86ba1b69d25501b8615222da01d08a523151e4a9c751eb4fc9239e9540029452034b4d1228a7d340a753401451455200a8a4e39152d34807ad3033e698c7827902abbdfdbb004b0146aa0a424f61cd726cc09aaa714cca6da67a351451566a145145001451450014514500145145001453093903da9f4009d2b12e2432ccc4ffab4e95a7732ec4c03863c0ac1ba94c3090bcb118159b04635eceb239018003a7b8ac4b938db8f7e944c58390c482724e6aaf9cc5b0dd3b560d9aa342c32460f049eb5b9713aa22c4bd31c551b455119217a8205432be724f181d2a0a2bcce58e31935953e470d9157836493e959d72e2463919a4b56057391c93daab31c1ce7ad48c7071d054040dd9ea2b64880dd8381d40a4c920e79c1a8cb12c6a55eb83d69887229c12073dea4519231ce69a3a11ea6a7887a0a966b044813273dcd5a8d4f0076a64630b5722000ce30715cd33a2020c1e326ada05da306a10bf30e841ab18c1c83d6b2351c01ce7bd4a064e3a135003ebdbb558439e454944cb1f407a7ad4e581000151c3924e79a7951918e290891064e4559419381c62a14181822a504e703ad49459420364f4a924208c8a81431c645580a00c7a548144e73922941c54e54107daa22840a40347434aa09f614f5000a0ae3bd3014119008a5619e45372476a5c9354030e00a6819e4d3c814ec0c60531218064f14fc1031d298090702a5209193c50260a483c53d9c8e08a628c1152374e68013682298a00607a8a70618c0a8d7af3401658a95e3ad56c13564a803a5443a9a6844201071498a7939ebc518078a6808c100e48e2867c8c5291c74a40334011af0d9152372053318241a0926a8042a3155d89e82ace6a2618ed40111049c8a680304f5a5c8269324702a892071815011c66ac31627a715011ce29a604593d7d29c84e738e699920f14039c8a689648e4601efd71545f8604f53578f2a01e82a949d71d4e6b54cc1a1d1be7827ad45728c1b20f07ae69a4e0f5c114f2e648f07802a9311472003e82a585ca4a0fa76a8ba1c81c0a616c720f27f3ab333b8b67f3a142392054b74034248ea0564e91264104f240fc4d6a31ce41e71408e772639081c8cf39ad18e425726a85d8dac4919345bcc0119e6a405b8e1b38e7a629a181208c8c55b9865720707ad670241208c5581a70c8c002a718e456f5aceb28054e1c6370e95ca46e460038f4abd6f3346ea49c63ad408ed61b8120c1e1876ab009071dab1d519d52543907a30ad385fcc5c10038eb8aa499172c03dc53830a8823838c714146f4aa498160114eaaa3774e694160334d202cd155f2c0714dded5405aa6820f4355cb31e94e0920208228021be856584ab743d6b1a6d262c294c8add31caed83823d73513dbc99e1b22a95d105fa28a2acb0a28a2800a28a2800a28a2800a28a2801051d290702a95fce228703ef3702a40c8b8bc12dd100fcaa702ab5cc8a4939ce0640a6bc6a1e30bd4f5acad443095510e401ce2b165232af0b4933bf4e72306aa44a4b0041073c568bbaac7938c9e054f690a484138c71d6b33445c040894118c552700b103a559ba9486c29c719cd65991f39e98a86522198152f838cf4aa00464b0638c8e39a9e694939238aa2c4641355044b2bbb020e7b7155c13dbbd4aca4e4f5cd423a601c679ad49141e493d7d2a704360e07a1a800c632738a95428208efda86089a300e41ab31f07dcd561818356464119e2b16cd916a3c0e49aba98c633926b3e35c95e4e2adc600c82dc7a9ac59bc0b69c74e6a5c7033c54087078e454bbba66b334108cf03b9abb1850064557853272473579133d474a818e8c7cc79a99012c70334e540000463dea58d48e077a86c04009ea3152ac78a7e3046475a9027348a245000c0a30475e952a800608a08c0c0aa24aa40c9c714c2307a66a661ce4537049a92861048c118351807b8cd592848c9e29a0102a808c2e393da9849ce054e40c7079a601ce48a0488fa0e69339a908c9e69a178a06440926a627229a179a79181d69802609c1a90a93d2a34049a9c834224808c52004b0153ed1420c37231480b023ca8f4a8248b0322ae2918a1864722ac8334264d21001c54e000d8ed523440ae4508a33c707ad18c1cd4a0004e697682339a4865623e6c8a69073526086a4600d003075e7b52900a9a6b71d2856e2ac4542003c0cd309c8048a9dbaf06a03c0e3b500358922a22327238a79e99f4a63024641e6a93115d973d0e0d341c1e78c53ce47519a8ce718ef4c82d00a50927a5674a7048ad08c10a47af4aa13290c73ebc5688c994cf073d690300383ea695d4e460d34018f4ab248c919c9fc2a1238e454ce30011d7d0d4271ce4e715a220d5d3ee364b1907007522ba80cacc083907bd7156e4ed381c03c5749633aba60f51dea4920d4902b6474cf3590a4a9e0e79adebd88c90920f4e6b9f180072292046b2b92a01e41155e4438247269207f9704e0f5f5a99883c138c56822b07c8f9460d5849170a49e7a1cd5460636c76238f7a00c11cfbd023a7d3f5192d9f0083193c835b934a43ac91823bd71284023078ae9ac2e8489e5bf503233c934d10cdfb6bc59000c30455c041e86b9d3ba36dca3207515a70cc922820e47a7a56c88b97f39a7557520707a5494c131f8a6e17b81499a4f2f27258d0056b89963181d6aa0ba9507cbce6b4248232092b923b9ac9b991141038c54804da9ca80e00a862d75f9df1291d88358d732e4e077aaa2a80f48a28a29961451450014514500145145001486814d3ce07bd003890064f005625d48b2bef2320702a5d52e4c6a23538245615d4a63b6550dc9acd890a6e42966c631902b3860994bf0cc73f4151464ccca8a338e69d7ce200b9ea476eb59b2d231ee8e6e0a0e99c0cd6c5b1115b2865c13c8ac6b4432392c32011cf5ad8b99d490071e958b352ac930638238aad321d848382454724801e0e7354e6998b280718a94af22b6229b70041e47ad679c8383db9ad0329c104600ef51154607180715bad0cd9499c0241edd40a0608c018c9a530b027be4545920e33cd508780c3a11cf04014e5538e7ad3431e392474ab2830318c9278a963487a82383827d2ac2ee619da2a3553eb8ab118c9c0e78eb5833748b3085240e8071cd5950b8200e31d6aba838c9201153a6ee0f6ac59b2428520100e680492463815282bd09e4d4f0a12718e0f5359b2c9ad9090315a6880601ef556de2da493cd5f504e0e2a1b1811818f4ab10b20033d6a10093cf4a9d61c10454143db0718a7a669c23152aa72284992da4005348c74e95295e2a23c1c55896a44463bd2aae0820d2b1a5420d48c71ce306a1271d4559c0231516c39c1e4550880a02739a40a39a9dd702a251934ba8c694207238a8d8840493c0ab441c63355de32460f34c0aa9768491b71cf06a7254f4355c4001e56a4552063d28289d324fb0ab2718f5aae9c115680c8a68921518352633ce291860d01b02981321c1c0ab040c7354c3e0d580d914d19b4c8d9140245314a9e0d5800118355d9029e0d0088a54039c5401941c55ce08c1ef54a688a9cf63416890c20ae40cd542a4706ae45300306a095816c8e940149c1071da9cabc5388cd346471d2a86c8181cf3509190467a568000d5375c360500881bb73d29a314f233c0e0d4782067d284035c703155c8ec6a6624f5a88e09c77f5aa4c8150e08f51505cf38cfd6a619ce71cfad4530240c0cfbd5c0868a2c01390700543900900e6ad153820f4355704120638ad133310a92a49ea2ab72460718eb5a91440a922b365055c83c60d5c190d0d5721801d2ba2d28a48c54f71d4d736080c3031dab46d2668db8ea71c74a192756f190b20079c115c81c06752b8c31aea9662f827b8e7deb06f90f9c480307a914912430b027a608ab4c8c532056702c08f6abf0c84a804f207356218dca807a8e69992464723d0538900a8cd40c4c6dc0e08ce4550162290838c6715a30cc54824e08e958b92187e757617de072063ad023b5b6ba59115875e8c2a731342de6c5f74f2c3b0ae52d2e1a1957232a78209e95d6dac80a919c83c815ac0c66accb914a24191f8d5a460060d6532344d95e86adc6f9191564977009a78a8e324af349336d8da828a97d70b1a101b93c572d7130e41e7356ae6625892738ac499c938079a00324e4e720f0283e84d341000f614841a0563d3a8a28a0d028a28a0028a28a0028a28a004c54124ab1b027a01c9ab15837d3b36f45e0938a802a5d13713eece463007a0ac4bb9302404e78205694d0bdbc2cec7048c806b374f53737485c66346cb93d2a411a3a569b244565906015c9ae735798cf74e011b41c0c5767a86a51a5bca13938c0af3de659b27d7359d469174cdeb58a2b7b48cb801c8cb55400cec402013c8cd0e4950a4f6aad2308880a39e9589a90b26c760c738ace61ba4249c81ce455d2e6460806e278c0e4934d9a07b5f95d7048e4679a700667b91bb8e6ab331078e83ad3c9cb12074e6abbb72739c9ad4cc78b9604e46474f7c53c796c501ea4f04555c01827bd4d1825b38e9d698916c42a0e47ad4891f391dba5401989383c035763231c8009aca46f040003daac4600c7b0e29880139ee2aca025ab09b368225083192393530181d79a146319fa0a50096e99ac59a8e588c833d08ad1815a3382322a2863c91c62b45632054b650f4007415680c0e29aa840048e29f9c74acd8d0a8093d2ad28c542808c1f5ab03a734909b1d802941e69a4e054418d5136b93b1e38350e79c9a8c9626800d1b8d2b08e40a6a027bf14845390102828954e0e334e04934c033c539300d51239beef3d6a202a620534f4c0a04309a09c8c8a71029a40006281919008a6633530e3ad31881d2801a8003cd5867000c1aa9db8a4031c9a2e04db89ebcd14d03238a33400a09a992420f5cd57079c0a72900e29ab8345c12531ce6abe707ad0c490306aae2b0e072704e2a29b38c1a61639ce687208a10cafcd00e7bd26706949000c508a129090293238a631cd500dc91c8e2a36e724d38d34f4a0084f3c8e3d698c7038e6a43d48a6104f03a551242403cfa54241ec6a72067238a8587048a1086820704535c7cbef8a51484fca49ab466ca5206c02060fa9aafc824639e2ad48c4e31d3355a403038c9ab4412dab80083c63b54374809241eb5006642704e7ad2998b2f3926a912ca79c1c67a55981be6524e07079ed559b83c8eb52c6093818ad4c0ebed4a4a9d79154afa123e61d05163218f00f422aecea2446cf5150239a909041352c2c0e7b629b2600607a838fa1a86172af8cf4c66ad0cd1c1604819c5552727079239a9d66d8481c83d6a8b4a0cc48191934c44b91f5cd00ed200069b9c15f734a3072071de8117e2947cb9e39ae8ade4684c6436549e39e95c7c6c438279cf0335d2e9932c9981fb8e29ad19135789dac444880819047434c111560474aab61290c6ddf861d09ee2b615401cd6c6290a98da2b3efae542141d4d59b89360241c1c6707b8ae5ae6e4c849ea076a45a4549e420e4f7acdce09279cd4d231761cf14c000c93de84c646580cf342be4726a27043640e29ca38aa11eab4514505851451400514514005145262801aec235627a019ae76226695dc8e0366b575094a421075638ac6c986338c8cd66c11535133de482340484eb83d69e21fb05aa803049e6add8e49727b75356662b3b9047ca8324f6cd2038dd4ae0c68a8bc93d7be2a84311e091c75a92e24125d480720310a718ab48a63520f422b9e6eecd92b219b942b16393d40aa61e22cc5867d31492066625464d46e91c6010c0b7a54963ada5482e166201c1242d55bebd6bcb8790e460600ec2a06989dc48e7b5530e4823be73568cd8e27009dc07b55327278e4639353cc485193deabe46462b4448ec01ce7a0ef53c4ac1793c9a802e4b6791565002403c50d8e089e14c038c926adaa80471c9ef4c8c15ce7b8c83528e4f1deb06ceb822445c13572219c8e82991c640c9ea2ac203c91c66b065a1e300d4d12166c8e2a01c900568dba15193c83593342d5bc6455b19ce2a30081c54c8c08c639a4089f384a8d304e4d309c5341c75a86522e820600a94103a9aa41c83d6a40dc66920b13b1c54264c1e3bd30b83c1a877e0d3048b1e673d29e181aa7bce69c1f8aa02624e69c0915543906a756c8a9024c927e94e1c75355c9239cd287247140ac4e58838078a78231c55504e79a796001078aa11386c8c1a889029a8e0024d30b64f1d2802507229a4530119c6694923a1a0039068cd3739341c0e0f14148703499c034ddc0530b7a1a60483a71da9b9f7a8831f5a189a604a4e3bd2890e2a027268071d29a403f3ce45216c8e6a3248e9499aa120cf34b914c269849aa18e2467af4a613c673499e2a327231d0d02b8e2c0534366a2041c9ed4cdc7b75a043c907a8a61603183c526fc0c1e0542482714d210f6e79a8c91820d2138c91cd33cccf5fc2980719f6a0608c75ed4cdc09e4e0500819c1c8a64364122803a74eb551f3c55c90939e783d0554233568ccad20008c71cd3011820f7e95248464638a80b76271cd5a218f74c0c8e454718e78a949ca804e075aadbb0d81c67a5598b36e193014839200e2b663995d548e2b9a84901413d7b56b42094e5b3c5480cd4adc00640bf5c5620383918f6cd742089a168cf519c573cc02b907af4a6809c31200ed50b8239039349136091c119a79008eb56216324819ea3bd3c3607bfad56424120faf15281919f43408941f4ea6addacb89148c9c11d4d52070a08edda856c3820e471409ab9e81e697862b843923047b8ae92dae927843ae010391dc1ae2b45baca98586539c56a956b37de0fca7ad689995ac49a85cb38c02720d73d2c8464e7071cd6a5cba905c77ac09092d9eb8eb41687464024e3af5f7a7b8c818e86a31cf1eb46e20f2734201a060f34e0050413c8a70c8ed9a649e9f45145594145145001451450020a3a0c9ed4b542f67540b113cb75f6150dd9018b7339b8bac83851c2d55baba50d80720706ad5e5d5bc3188e351e61ef8acfb6b5fb4ba824e49e6b22958dfb58e310924705726b02eafc241328c8273cd6b5eddac0562519000dd8ec2b8dbdccf2b6c39dedc01cd0dd812bb22b50b24ae4f002f1565893c0ce07735661b458114118c000f39aab7122ab10bcf1581b229dcccb00ca9ebc735924b492312dc9e696ea42ef823206296052c4f1f4aa481b1b327968a33d79f7aa438ebdeaddd393b4018c1c1aa8304a83deb4466c8a703181c62a024e003f4e2a49cb16208c544064039aa113c6082326ae220241cd41180719e715763e490460565366d4d13f27807a5588412402b8c53630083ce455a8d7bf5c560d9d08b0063683520425491d0537a9e3bd59806564033c564511c6a7201ad14e428aab18048c5591c1c0a928b818700d3c11553383cf5a707c74a1219658804534106abe493d690123ad161a2d061dfb52efce306ab06c601a5cfa1a5619618f7ce6a324d479a33cd16043c39a783ebc5419a712714d20241d69e1f1c557069e09c52680973934e071d2a0069c0e7bd2b01306e68df9ea2a2ce0d202726802604519c0c0a8c1a01e78a2c0482973814c073484d0900e24534b669b9a4e4d301c4e45373db1484e281d6a920141cf4a39c522f1c1a09e38a6020c834648cd341e683412c0d21200a6e72698cd818aa480716a613c9cf00534b6073d0542d32f639a690364c5ea167e4556329c9c648a8cb03df9f4a04582e01e4f1516ef98f3806a16e4e4d44412073cd31164be3a9e2a22f91d6a0661d377d4546cf9e326b44896c98c84641f4e0d46651c73915002718cf4a6ee04608a690ae59c8c73f8f34c0c01c0e474aae4e070704718a45660d91de9d896c99c9e87a556320a7cb9207cd558f1819c50910296c8ebc1a84904123a8a42581c0e9eb5192318cf22b4466c955c9ebe9d2a12416cf3c1a3041fad0093c761cd510cd08ca951cf35a314c50e38e78aca8719071ed5a0300838e01ac981643aabe41ebc1acfba87f7991d08abd329280ae31558b164ce395a1328cb24ab024e31c918ab03a75c8a96e42bc42403047515551b8fa5689dc815b8e8339a44240c1efc5388cd42700e3a11ebde981603631c7149924601c11de9aad95edc52824e39c7a8a045eb5b86428431040ea3ad7590df19e128fce40ae194e181ad5b59f6b214eb9c10684ec0d5cd1b895a36da49c1e466a119cf3ce7afb525cbf9c010b82074a8a37edd083cd589226e41e3241a5fa0e94107183d2901c1fad344d87a9c1eb9cd4e23cf6a80641ce01f6ab20f423b8a00f48a28a2b400a28a2800a4c528a2a408e490448ce7a019ac9850dc992e1c81ce00a8f57be4842ae72738c0ae5a4d4a57c22b90a4f2054b0469cd12cb33903201c56bdb5a8b1b632bf2e79c551d22d8cecc5b3b17193ea6afea97491b4516739396a80391ba9679e6918e4668b485a27dcf8047406addc4d1095d8e326b3dee4cacbc600e0563266a9162e2e41181d05634c544249eb574905801c8acbba392c01c8cd4eecbd8cd277364f5cd4b1cbb0b11d6a350338e87d3ad2c8067820035622acae4b64fad001ca8c7bd452603720f1dfb55a817cc19ea40e95a19ef2294d82fcf7a440003818f7a5981ddcf03b509d47a0e9ef40d2f78b3003c8e39eb57c67e5e00ed55a31818031ef57a3191c719ac2a33aa0ad1260a48e3802ad46a463248a8d41e3d6a6dc00c1ac4b4c90903be6ae5b1021909e338c7ad663381deb409305ba060493cd2b05c70383c549e6003af39fa56779d8cf438a71994a8c75ef424cbb9a025c907bd49e629392dcd66a4c318271e82904c031e7dc9a760b9a7e67539a70704d6689b3c0f4a54723a1c501734f760004f346f5e07e1558b310a4526f0319ebd693434cbac481c734039aa8b302083cd2f9d8381c0a06ae5b0464519cd420e69c49e82a4a24268c9c629809edd29d9e6801c0e322941e29809069e30680141e69f9a4efc526700d00389a074e69a0f3cd00f3400ec907228c9efcd2641e9c50295805cf3934039a41c8a002298052818a00a075a006e71464d2507a50037231c5372734138a6135491205b1559891926a42413ed5031c9000e29808f2718aae58e38a7c840e075a84e7a1fc281084923029848c90463d29e460827ae3afa5300ce79c9c53109924e07e151124924f2074a9f0300038ef4d2a319c77a62202b8cfeb5112491c718a980c9c76f534981d48e7b55a25911000e79a8c8c559db924018cd4653038e4e6a84552083c9a7a9a71424e7a1a688dfa9e0551238e08f6aa248c924f7ad0084ae0f5aa7244723b628336a44049fa0a85881c60823a9ab0ca4719a8086e8722ad12c0648047414f8fa641f6aab924fd38ab109c9233d2988bb6c0f9a32700568328dc00cf7aa16e089979c66aec8c55f3d79e4d66c48baa330907822a8024391900639c55d0f9190319aa2e086380401d6818d11170c80e075f4aca198e421b8cf635b009f948e7b1aa77d1e583a8c0e29a24611903bd42e086040eddcd119cf2294e08200c9ab10d5621b27a11823dea51807a5573c0181ea2a4192063af7cd00483bf3562198a90369f4cd55c9c73ce69fb802a47e1480dd4618041eb4d20062718ee6ab5b192518552703a81d055900e483ce284d0c9c1040e73563682a07a551518603a63b568c60900f41568864238a7ab15241a7c91e572073eb50673c1a607a8d14515a921451474a002abdccc22859b383daac572dacdfa9dd129c81d4d4819d34d04cd2c8ec090b9c7726b2a2b572fe693819c8154e10649703e602badb0b6ccf10719c0c91d6a770d8dfb387ecd64a3193824d7257d32099989cd755a95dfd9a0381d7806bcff51708aa49e4e4d454d10e05092469e7000f606af60220078c553b5049df8c8f5ab2c492013ef5ce6c57624217ee6b1e6621b835a972ebd01e958cf96724f03bd5240c980de463820e691b90c4f3e99a74580bcfe141752a41edd2aec0661cb373daafdb92a8c4f1c55465c3e003cd58871e5918e4d321145c7ce71c8ec29f1a312314d65219bebc0ab91280bc0e68635b96910600039156e1500e4fd6aa23e063bf7a789081907815833745b32806a16981c81d6a99720924e7351176c9e0927818eb52905cd8b3537532a80700658d4f7f780cb81fc3c119a9e14feceb125c0133f2c33d0560b056dc49c927afad312776486724641ce6889d81049a8503039c8c7a5590ea0038fc053b22c95a4c8cf43511662d8cf02a321b71c0ef401dfa54e851a5048b1a9279e80d3a49b2bf29e0f7aa20e78e94e5049ee31d698c93ed728001e99a904cc40279aae54924119a9a35c8c0151689458121e08cd5907201355426318e2ac42006209005265a2d2b90467bd4c08241aae0679a9532403e948a270702a418e01a881a5523340128a51518229e2a405a09a514800a005079a281cd28a004039c934f079a6e00a05500e038a5ef9a39c70694038e94008381e86909c9e0d29a6d0021f5cd37241c0a79e9511140086984020fbd29ebd6900eb4c92b9049c93d3b5300241c54c4022a3008e07e145c085a3ce7351edabbb46327a9a698f2702824a78ec7ad02304fd2ac797ce69c130791d7a5302b15e703d29a50e0803a55b09408f2334019e2307049c0ee314822c9c8e82af797ebda95630073d29dc968aab18c73486104e471570c59e9c52884f434af20b19a61c1c763cd465181c11c6715ac6200702a2f2a853681233c478e7a9155e48ce4835ae23c1c018a8e48c671edc62ad4c4d18a6224104e38e33559d0819e82b60a103a7038e9555d4631d8d5a990e06294209c0eb4e4c0620f1e9569d70402323b55629b8641c006b44cc5ab48b90805812793d0d4e7393939f7aad1a90013c7a62ac86c8a9045c85c18c0278068986e0a73c0eb50c2dd540e9ce69e705483d4d488602a7bf5e38a64d0bbc671c8aac090c7a0c1abb0ca492339e3bf4aa133095b0c548c76a9c73d0f1d4d25d204989db8c8069b1b67b55a24245079cd11938eb915203918207350b00181cf14c071c0c1f5ed4ee38c8a6e72320d0ac41207031d4d006c69776d6d711480e00e0d7a3359d8eab024aa02b91f7971915e48300021b241cd761a0ea8602b1924a9e083d4560dd99aa578966f746bab719c6e5fef0e715421600019ce3bd7a2c5708e072083d0d646a5a4c12113c436b0ea074354aa19b5239d5c3839e45577460720706ba34d183c6b24330391d08c540fa6dd838f289f70735af3216a99d8d14515d0661451454819da8de0b58091f78f0b5e6d3dd4926f24e7249cd6d6b97cd248c81f0149c561db5a497876a138079ed4091b5a2e9f2b43f6a27009c015d2580293c849c90bc8ab365e5c56c911c011ae2b35aea382de62c7e7909c0a5b0cc8d6b52372428188c1e0d7212caf21c139c1fad6c6a532901141c8196ac484333648e9ce6b16cd226b67cb86355e703a1eb4a87085db918c55452c5c679152dd4a0aaa0e4019f6cd416664c46490719355b69faf152c8e4fa71de9a98c8e48aa44b6301c9009c9ef4d6dbb980e07ad3980cb10718eb503f52739aa02204862492707a55f8c928a0f00e6a9924ae41c1357bcbc47110790bcd2624511191260f2077ab8a33824d41d1f27a7a53ccca383f8543344580412003d0f348c3278e7b629a1d4e0631522719238cf4a86522b3649c01cf4ab10a056563d41cd3d1006c9e4fad39909c8039ef8a45135dddcb7254bf41d874aa6801efd2a558188c1e00a9c4248c1ed48122becc81d89a558c8393d01ab621381e9eb53ac39c11da95cb48ae23c8c8e7d69422e49231568458231c0cd288f07e948b48ae22cfddfafbd481464678c55b54048c82314be48cfae39148656f2f2381839cd3963c73dcd5a09823039a50b86cf5e681908519c107de9f800e48a98a927205040c6319352ca48419c6054911ec47069a01cf1522021b9e282878e3391d6819cf4a7e0520183414380a981000a881c548391915203bd29403480d2e7079a091c0500714d1cd3c71540263228c67bd3c0a001d4d3b00d038c75c5283474a4ea79a0009f41519a7752714dcf14806e48ef4120f5eb4869b9a004201ebd6908cd0739cd2a9078f4a05623c678c53b001cd484629080450213146294038a3ad00308039c52738cd38124d20c1a01223c13ec314fdb4e03149c1ea31400c0a33d69db471ed4e0a31463047a54858418a6e31c9e94fc74e7146280b0c6182083d7ad46464e053db24530900500202391dc75a8dc02300608a5ce0807b523640e3ad5a6268ab20cd5094027d3b7b1ad06c9e0f4ef551c8248c714c4674abc0e318aa6d8078ed57e52003ef541b04e40c715bc0e6a8ac4b0b9c107f0a9616c8703a8350c2a48c0a01dac41ed4d99976338382724d38b14724f7a8233820f614d939008ce680124396c8e3229f1c9814d90e5013dbb544849cd004b70166192307b5678243633d3ad68e49e49e47159f70a2390107ad52249030c72686524123b530648c8ef528208c1e0e3b55088036383c7b1a780410698e08652474a9320ae49e3a50028c018ab16ced1b8249183c62ab104903a5395b0477c74a99aba3483b48f41d3aff0a149ebc8e78ae8a1ba0c3048f4af33b5b92a548000ae8edee8950e1b24706b91a9419da946a1b82e9acae4e4fee9f923d0d740b2ab2821b835c6c9209e2c13c9a2d35030028e78038eb4d4da33a9414cee28a28af50f382b2f54bb5b7b7600f278eb8c0ad1240049e001935e79ad5e99e660a0d0063ce5e5208c939e45773a0daa47a765d0063924d60e8765be4333a6540e33d09aeb6d8191885e230727d334123264f22d4bb3609ed5c46a172ecc986c802bb5d54b4e05ac632c4673d857037c0c72c8ad8ca920d67365a33a42cec0649278ad01188a3c11c914cd2e312c92487eec632d4f9a4059813903815932ca32131a920727a0aa8ee4a807827af356c5acb2e5c8c2f504d537037107a0a92c8080703a9c539179eb8cd34920e474ed815300de5e7a1ea41aa20a521c6e00f1d29093e5263049351c841201c02734ec8db18279cf5a603c00576e71e95a0a46c001ce071ef5980133600ce4d6adba10640c3278c7b52634673124b6463069f0c61880c3229ce8779c11d6af5ba82460600eb59b76469043e18541048e055af28617069c830c327802a6030702b17337488c463804668f2706ad2ae0e0726a4083a9fc2a6e52815442300f435308b0326a6550391c8a940cf028b94a04022040cd2f92548c0cd5850718229e067823068b8ec5555c0391c5384608e074a9b681ce4d18e78e3349b1a4302f3934fc0e0e339a5c11d451dc76a004239c1ed49d0f4e4538024e45285cf5eb40ed11b8cf4a42323206314f148471cf7a06340c0c9a70e879a073d7b522e7918e2a4a1ddb069e3d866a31c8cf714a0906801e1b14f078eb509e4f1daa4068025078e69ddf8a8f278c53c7201239a0091452e3079a6a934e1c71d735448e1cd0452038a50734d00d391cd373cf3521a809c50c487e41a6118a0106909a431b9cd34800d381e690d480808a5518a403069c0f1f4a005a0019a4c03466815853d31e94de941200e946680b094d03069d8ee39a41c503100edda978ea3ad1900d00f3402145028e94a3ad0014d20e2941a38c50044c4638351135212054278248eb40084e4608a8ce7a0e2949cf53cd33249e6a84caec4820f6ef55df04e7a01deac4841aa4493900d34221930793dab39c81c0abedc039aa12025891deb6a673d426b4700907bf5a74a407c8ef55e0c893039c8a7cc30c48e4fa55988f8dfe6039391cd4d211b719f702a9c646723ad59c82d8028621b1b0208279cd34820e01c1f7e94cced73815296e720601a0016421b0471d0e29975197191d0743509043601cd5d8a40501239c722824c98dce707819a9c120e3150ccb89091d334e0d9fafad6889252a48e7834d438201e84d3964c8e79a69e0e7b5031e5806c751d6901e3239e78a69208e0e698723f0e28196e098ab104f5ad9b798a1383915cfaf38238c55c866c9c73e9515209a36a336a47531cf8c67233f88a64fced201acfb79095c13d3a55d46c8ae568ef4e2cf52a28a8e4711a12780057aa78a62eb57a608c460904839c706b8e8a1f3678cb739c003ad4fa95d35e5c3904941c2d6ee836aae04ac3023c628035442b6d6c8a17e63c00054e4c76368c58818193ee688c99a6691b848f85158dad5cef431a7391d4d0423256f25b32f70e090e085ae52ee769ddd89c92d9357ee6e25685519810a78cd650425812b806b166d0468c5234102a00016396a7dadb99e53b8fcbd7350c51991b00e40ea7d29f7770b6f1ed8d86e35050ed4af90030c43803048ac09092320727a9a424e725bde9a660e000b8028403a36cfc84f419e6899b0b8cfd45229503278f7a64a79cf4a64945892d93daacb0255411ef55860b64719eb571064e3b62ac10eb40ad7310248cb015b4223ba523800e3359562a5aed0019232462b6148092e78cf4f73584d970338265c918c1357a2520641f7aac1725481900f3579172704f158b674c116917239c54eaa01c1eb51a70462a719ce08e4d666c908aa074a900039ee2a3514f04f7eb40d21e0539403ce7a5275183d6954770715250e048191daa4041c1a07038a5e873de80130073eb4a00038a4e00e4519e68003d720f229073d681926818c67ad00000031d3341e7208e477a5c64d06a8108073e829841eb9a7f620d308047352500e6838c1c0e453791d075a0311d79140c4069d938e0d349005203d87140d0f03273528c75a814e0e0d4cb93400ecd48a7b7a5440f1cd394e0f4a044a0f393520a8c5483af5aa207538521a439079a6029c01cd40462a53c8a889a4d890949da8240a6e49a91a42668049ea693140e7a8a005078c629690034a0e3ad00072281eb9a093499a010526718f5a09a693c5003b7034034d14c06a40909073ea2905341e2807a62828933403ed518249a70c9c9ed5403ba629992052fe14df5cd048cc83f8544739e454a454472073cd0511b5458a7b138e94de3383412c81bbe4552620138381daae3027bf4aa6e4638c6055a029b1393deaac8c41c1e40ab47009c1e4d5694614e4f5ada073544470e43649e953c841cfb0eb559720e41ed8a993241c7356623548047a53c9e84718a6360367b1a4272848ec68dc91ec480093d79a5254ae739c5461b2bc9f6c5351b071c6050481c64f622a5858038278a46192d8ea7bd4009ce71922ad0162e622ca48000aa2848383c56806250e460e318acf65dac324e09e29a113293d470053c1ca9cf515002493d0629eac01009c93da980b919e47b52738c13c75cfa50c33c8ef520248c15fad5011a100f5cd4a8ea3926a0048ea39071c52c6013823a77a81a7635619090a411c739ec6b5229810412722b9d85d95803d01e95a69296195ac2703b29d4bc4f6cae735abdc44d121c924035a3a95f0b484e0fce4616b8c669242647e7764835da79c3e1b632b470c5cbb1c67d05760eab6d6d15bc670480a3d4d50d06c4c50b5c483e793919ecb5a861325c0909e146055123885860209e00e4d72faa948ed04a0e0b36056d6b37022b5201c126bcfb51bd69c88c70ab52348a3312c064e73c559318f2501192063355508072d9000cd5a8d8950cdc01591aa1c1d6da1248ebcd614d2191b71ef576ea4321da3240e4552207000edd0d22caecc4e00ef483823a814e2855f279cf34f0549048c8ef4198d661b71c7150b3978c73ce79a466cb36381da9a41d847af4a6411a0c9e78157a0187c8c01b715462c87c1e00ad254c60d2654193e964c77864c80429adf9a106c04a075635cf5886924988fe15e6badba46834ab6c0e08158ccd91cd282081d8d5e504800706aa28270076ab49c638fad6475532e2646075f5a9c1e9cfd6aa2b11802a6041a835b128e0f0734fce4546a4f4a900c0a068703c8c1e29e0e298b8ce0d3b8e7daa40901c0f5a32334d1d3229714012678c74a334c146075e94020c8078eb483db8149d0fae694118a007823afa51db3de9808a93231540275031f8d34f7cd3c1079148475cd00464e3914d231cf5a71e80fe14c381819c62a4b03c52027bd34f4e7a504f381d281a2418cf3d69558827d2a204629e0e4f1da802707279e29e2a118c0c9a941a044a0e7a76a901e95029c738a9473544128e4734134941c8a0069208c0a8f2294f038a6d4821b904f4a427141a4c9c500079ebc5201c8cf4a424670697834143852f0314d5207069491544899f7a43466a3279a007741c521e45349ee29a49279e2a4a1c48e829323a1e298589e9914d07d473eb52c64a0d1919c014dc8c60734a0826810f079e94ee7a7a5301233819a78e473d6a80383dba504773400c4f6c76a0e4f5ed41230e3193daa1273d2a5e951e0019a00848f7a88919e7af6a91fd4541d4e7b7ad5010c84904f6354d86320f7abcd819c702a9487271d0629a02ab120608c0155a5000c1f4cd5972071559864e7d2b581854454c8dd915b16de5b2282304f6eb58e71bf1d73576226178d87404120568738974bb5c807a76c542b9208f5abb7a15809179ce4935450e3bd08cd8d8863396c8cf4a69c6ec0e09a60389880703b0a9240303030455a112302000380690820039e3bd08c4820761de8248183c8a06287018124e3b8a59941e42e735598b007b60d59490143939278e28114c1e79ea3b54abc364e38ef51c802b0c8a552090072472315422c64115183f363a9c67e940249e72314e61839c0340c6900004f38ed4d0e10f1939a93190093915131c1c7bf34809c9c60f5039a9d5f72a943daaa2e40381cd2a9d8368343498d3b1e9bad4cb24b804b600e9cd41a72497f7488a3e48c02f5997448033dfb9aebbc376a21b43263065c1ae8303a0232a00e00e295405183dba9a5e9543529bcbb694038254f4ea0500727abddab07e72412302b0b4db17bc99c9188d412c69970c646c024f38e7bd6f5b4d1db69a621c48796c54148c031a493100e0648a866050f963902ac48be5aef2393920566349f3e73927ad646a861040eb8e2ab8396c13902a4790127278154de4c600e7279a120249082491c8cf1519000183806a10481d4d283c60f22ac80700600f6e94cc306c83dba52b750464814c6e08e6824440ccd8c601ad79b09144075c75acdb31ba603a81cd5bb87532f0d902a1948d1d38010dcb639db8fa9aeaf563b349b45eff28ae66c6306dc927ac801f715d3f88885b6b68c74078ae766f13955c80302a742483819355d1b8c9a941046454743aa05a46e9eb5607638aa6840e3d2ada93b739c62a0d491724d4bdc66a2561db9a7827bf140128233f4a70e7a639a8c1a78e68024031d69d8fcc530134ee8493d28010f1de8cd20c1ed41e9cd008424520e0f5a534c39ea682850c7bf4a70200c134c0063069a33ce3b5004ea73d28079a603823b538b1c73d09a680520134c3c1c5389fc38a610739c7068019ce4834c240049a18f193c5465b924632454148914fb726a45241c8e7350024600e69ca4e704d48cb208ce7bd4a304024f4aac0f4e7ad4ca7208a689271cd48a71c75a854f4a954814c8261ce282453168aa0108cf5a8c8cf029e7eb519205480d1c5358e07a52e79f7a8db04e49a0a1bd79ea28078e45202391d28c8cf1de8025e3d69c0f350827b53f2455122e4939f4a61a7139e94847cb9ce280187eb9a8c9c1c0a5278c544481926a4a0241c1a703938f4a8b3d3bd3d49c7239a91928ea29eb800f19c546481c77a6190e7008e3ad022ce403803a528651e95581279cf14641ef8aa02cef03273c534b8c75e6ab9240c0a4dd93c0e94124c5b826a22c6a3279c5309c679e95403c924645419e3079e690b91919a8727049e9eb400e627182303bd54908191c735397ec4f07b0e9559c927200c0a6912d95dc81d474e955dc8c0c1c77a9580cf2726a23cf02b54673d625371d4e3ad3d1c9001e48e29b28c703934d8db00f7c5688e7659670ea01e319e3355d4f249ed4669bc8249e01ab464c7b0048238c548c095047273519385c81922a488820f182280210d938069c0d30261c9070076a7938ce7bd004737dd04724d32090f0a4f4ab2402b803a73540828dc703d68449a1280eb91d7a5527241c0206062adc32023078c8a82640180c139ef4d00f1c053d481d074ab03120eb826a9231156226039c63b5034480638e80544e320e7f0a9c807af619e3bd427247a647140c6824e323a53f83eb5190c48c71deb561b359a2520f34c11d658da9d46fa246198c72fe9815e8a8aa8a15460018005646936cb6b699230ee726b5c0c0e7a9e4d6e738a480093d0570dad5f1919d412338ae9750be8a0465ce4e32403cd7017320b89b791804f39a865a57334b307041e41abc6676c1273eb4d2203c01c83d7b1a8647c1c11c5666847753190a819c0fd0d6638c756eb5659d40aaa581e0ae734808f03b9031d6a913976c7232715248486c01df14052a3240c552244c91c8008e8681c0ee298cc09c7001a56385049241e98aa26e3b6298f25b0e0f4a81880d8041a09236f5e0540300e3a02d4580e8b4eb61f679a6c0c838159ee002e0f50715705c3243140060139cf4e68b98542641e73593762d1b9a68536b6aa720b36335a1e242a12d882720904551d31732d8c67b0ce455af1283b22c0390d8ae77f11b2d19cf8194048eb52a1e702921024b5739c804522360e0d07426595e4672322a7524707935554807dc54f1b1ee39acda3645b5ce39eb4e041e0d42092413d6a5073c8a43255ebcf4a98605550c08a7ee38ef401655864d3890466aaa9ee3a9a519e7069a02c295ee680ca4e338f4a87af7e28eb4c572c6d04f038a61041c1a8b7b81c73486738018641ee3ad031e4e318a6138e73d0538329e41c81519273cd22872b54a0e473eb555480735303c6739a1012814c249381c52648c0ea68ce4f3412889ce400474a888e8454ae411807a75aa8588381c8a865264e7201cb73403820fa530313ec714020f19c9a965138e793530c8c639c1aae8d5653028404aa0f5352a93de9a3a0f6a781835448e0714ece6900c8c521181412213814c39a0f22a224d05016ea2984d264f38eb4d26818a7af5eb406e7005373cf5a8c93c60f228027181c9a7820d5704e70481ef52a9e68207938e94d270282727ad46c7154030b72401513727152119ed51b000024e0e78cd494340c1c7a538c801c0e4f7aacec41e29a480327bd090cb2188e7269410703b9aaa64c8001eb4a0e073c50e0059f3001d69a24ee6ab075ce3ad3c3c60649f514244364e09ce01e45381c9e79155bcf4039c70383eb5135e2e723181d79ab5025ccba4e2abb3e01c0eb555ae80279e6aa1bb8f270c69a8485ce8b85c8c1a68914807ae6aa0b843d0e41a42ea4901b8a39187396c9c763cf6a81980c8ed5179a71dce68ca918c702a9264730d2063a7350723ae09f515319003d3a0ef519231907ad68912d9518127ae3d6a38880ea0f4240a95c9e483c8aaa4f2a477aa460d97eead5a3dac3a11c9ed55bae3045593745edfca6aa80e381f85590c7e49041e69b0921883d68ce48238a8dcec6c8a092cb0c1eb8cf151e49c82d9f7143302aa47634c04673d01a404c0e79e40c553b80c1b81c1ef5641e738a52148cf7ec29ad18149657041e383c62af92648f24f51d2b38e4b900700d5ab7901054e0fa62a8444080c07635681cf038c75a8648c0208239a11b9604e33de802d823a03cd29007bfa541f30008e6a7009008e0fa5229103019c919c55bb69e48f7059302aab8383c1c0eb4dfc3140d1f41a20217d074145c48228656ce30a48a7a2ec4504e481d6b175473238887231c8adcc4e4ae2669012e7af5acd59232ae09ebc0ad4be4585827070bce6b99cb0948e460f4a834897a04676551d490054b7b6a6d99509c9233c74a9608c2a1946463a552b99a4925cbb1206690145801b8918e322aa83b727bd5890191c11d0554b80010076a94223c866c82325b93504d212401c638a970a0641fa734cd9904e2b420ae8b9230054d3121500c1fe8298a003920f278c76a809392304e2801dbc13cf1c53ed90cb328e368ea6a1c139c56de9b0816935c320e010bdb349bb015dc9f349ee38abce81ed6324f2c7a7a5658621813c7b77ad58df22100746e73595434a6741a3ab4b7a80820471e69fe25398626cf47c115268259af6761c008011478880362ae013fbe18ae5fb46c73fa6fcf0dc29381b78c5401b04f738a34f72b3151fc408a88121883d41ad0d205d0700024f352a92075cd530c08c139a9438c1c71c702a1a374d174392010738a72c8c393d2a8f9981c1e075a787c03ce052b0f9cbaae09c773d2a40e71c9c566899010770245486ea31d0e38ce4d0a02733503118279a0b11c838f6acd17ca02f434f37f1e323807b9ed4d4244739784c7b0e6a2131073d3155bedb18f4e319a61bb889190003c53e490d4e25c37201c95a0ca8fc83835485c46464118cf349b9092430a2c529c4b649c0209068170c0e1978aa624c701b26813291cf029729773503a90307b66941c1c93c565190ae083c7a0ab105c29c293dea5ab01a2002727a8a7e727b546a7d7f0a7e47714ae04321c31cf6aaac06720f7ab32118271cd533c0c64f150ca4488413806a6000f5e9d6a08d41c9e9560771d7152ca1f1800e0f7ab4a2aba0c918356c0ea0508448b4f19e86900e3e94bdb9eb408702077a5c8a6645359b030050038fa9e950310467f2a32c3a9a6139ebda818c27048a424714d27039e49a407b918c5031e08cf403151483d28e73c8c77a6939e9408404818ed53210303bd4038cf7a91092702811313c73c534804714e19edc520f5aa248246d8a49e3deb35ee81381eb56af0829df3d80ae55e7657c135705706ec8db69ba8240c76a609c1ce3f1cd630b924e327daaec1133904e79add5333750b86700645539b50d8a32c063a9ab934288849e38c735c9dcb7cc403c038ad234d339a75a48beda903904e071c8151ff6938390d826b1c9206075ee69e91b1200ef56a94518fb79b3656fb7f1939ef486e08c9e055bb1d067b885655700119accbfb59ed5ca37207523a53f67141ed64c77dbb20e589a6fda95b00715944e0f1cd20393d68e442f6b2357ce2380c7d854825931c9ce0f53d71596adc8ef5bf6d0ac8808e491cd0e111aa926422e581ef4ff00b5f4e73935298541e6a84b115048c807b54f2a1fb4916ccca4e41f7c534cca54e0f231d2b2b2d9e4e7d290c8c00147207b4b9a2cc3381c1239cf3513b2e00cf02aa79848049cd39483d09a2d615ee5957523839f7a7ae02e077e3354d7008c55d53c649e2810f0005049a8a5438c9e9d6a40d8047e54649520f4eb400918ca7073484e0600c11d05350e0a8e9ec289090e09c9a00909246403c0a994e17d4919a841057a9e69f192060f3480aaea41273827ad4792082bc54f370c08e3350e038c83c0154892d96465e392062a0c10d9e94d86421b07b0f4eb5624539c81c9eb54343d08201cf229eac41e3b9eb55d4e0607ad4c08c803a76a064a793c0cd4463ddcd3b20e083c7ad2b03d4630682cf78b9bb8ede132371e80d7266f83ccd2939c0e94ed7eec4b32c287e55c83e86b0a35dcd807000cf354604779704b92464924e074aa30a0966058601a6cd28662456a58c20ae7033d4d22d11dc4aa42a28e05673b00090b92302acddb217c21e99aa4f28008240c8c1a9632b1621580e87f31543041393deac9201c73cd31c36461720f7aa4490804f18e9dc52bf08001d0727d6ac2a054040e49e6ab5d1c004734c0ae1d4020673509032714e3c1a8d48208e9cf4ef4ccc0025801924f02ba5d423167616b007196e4d51d26dccb751640396c8f6c558d7ee125d4b6aff0a8159b28cd0085c90302b72ce02e62618c75ac498044009ce4e722b73431bcc9d7e5507e86a265c1d8d8d01f6de5d1ea0e40156752c4ba35d28c831b922b2748598f9a54f258f22afdac86e2c6f8138255811e86b035391b4245c4454e70d562e709348071f31359b6b3289901e3a62ae6ad315b9420603282462b44877b0090039cfbd38cca7d85639ba39200a6f9cec720fe02afd9dc5ed6c6a1b9507ae48a81ae25390338f5aaf0c3248c00fc477add8ad1634008e453f66912aa49995990004f18a84dce00cf241ad0ba88a28c00091ce6b00f24e4e3154a1113a922c9bb246075a417259b92467b551c81c938a9c42c4640240ad14228cdce469976c74c81e9de9a8eeee006c0efcd747a1e8905fd8248d311202415ac2d5b4f3617ccb1bee53c8228b13cf221692588be1b2738aacb77206c9fa9a1643b806e3d7355dd8063800e695a23539237e1324ab95e4f6a591e48c904124553d2e721f04f07a8ad5b9756e07e3593844eaa7524ca06eb008393535ac8c655232402338a81acdd994c6090715b963a7b46a779e4d73d4b23aa0e46b43ca86c63229e7834f8d70a01edd3151b9f9b1ed5897b904a3839e735531938078ab0e493806a3032d9c74a93443a35c000558033df14d008029cb900f6a962254e481e9560122ab267201e9569464e3d2901321c8a90a9029635c0c91cd5920014125323071d298d90303935338c9c8a84e4f1d29144209c726a26c8e86a5200e6a0271d3a53450cc904e7ad2649c738a4c00463f1a5c118a680013eb934de4d3b195cfbd34f34804cfa739a543834d239c9e9429c123b1a045a5393934a0530371c7352839e475ab20af3206078ed5cedce93b989572a6ba93edcd4454139ef549d81a38dfb1cb1b0dcbf8e38ab91c850ae474ae80aa9c82b9c55496d233c81ce3a56eaa183a665dddc1319006063ea6b8f998872074cd7692589390326b1a7d21b71233927b74ade15227354a53304104d6a5ab440007191d78a46d2665231c9ef8a8bec3743a21c1e957ed22ccbd9c91d9697a945123217e3b0aa57c63b991b07208e4d7362d6ee339c1071d73c52917c01043608cf02873ba17249328ccb895c0e80902a21c77ab0d6f3b313b589a416970491b09c50a710e491083c8f4adfb39f0b827a5648b09c8e548e6b4a1b19531c73c66939c4a5091724b804671cf4c550794e0d4e2ce53d73cf352a5976607350ea451a7b39331f048c81cd45b58f6c60d7442d5064639a81ad46c3802855621eca4628521727a5488b804f6f4ad3fb3a81c8ed50bc401e0669a7164fb392299241040c54c09dca318e0d48f0e5720738a8cab8e40240a05692244232003532000907a9e954d082d83deac2b1cf249cf4a6218701bbe69cf92848e00c7268908dc3d4fe5480e0608ce6900d898920038f5a79240c8e3d6a03c3640c0a989047340896452548001c8ef544028c011806a78c8270011e949302a49c63a0cd34040490c08ed5a4a448a09fa1acf6390093838ab16d263702411540852029c839152af009eb81c629240700819cf5c546adb4e00a0658c6de00e3bd4a9ce7818a8860e00e73da8f9b24122803bdb88e4321ea493c554ba0d68a508f98ad759a6da096492e241f2c790a7b135c5ead325cde49203f282401e82acc4ce810c8f823df15b409853018824723a569e83a6c22137530f940c806b1aea4592e652a084dc48a452294ca40c9e3359a473d39f5abd7b329d800aa4181193c0e94ac58d2b956cf18c53edc6f6c13820d4121e7af06aed8805d8819c0e49a42227e1c8c6076f4c5665c1dd330ea062b5a652a1c93d7a5619383939073ce3bd344b1923e08c702923064391ce4f2698c7b9e79ab312b0504291e94fa12755a042a5ae2e1c90224c0ec2b9232096f77bf24b92fdabb0be0b63a243082564940241eb5c5db8f999baf35251a731de0e06467ad6d683906624f050815ce87c864f7ea2ba5d091becf39ea0645673d1168d7f0c026da50fc1f30d55d342f9d7b031c12cc0568787632ba6ca7b9726b29236fb6cc48c306c9c56468710e0c5738c6007238eb5abab32cb0c3281838c1345fdae2ee52d824b127156cc2b2d9a67b718ad1342e4933955383d339a9e16084923ad6b0d3c3b64f031527f65e402003ec7a55fb44254a657b69950e4f00f35b30cbb8727deb3869a40201c73c835612d258c0c31208cf347b48b0f672436f8a942719ae50921882727bd754f6534808391c75e959a744b9278e41aa552284e94d98ff005e86b4edeee2452add7dfa5584d0a73d4d4e9e1e90920b00051ed600a9552ce9bae2d8bb65372918355eef528ae1ddc2e5cb6722acae8280659d891dba0ab49a440a4640201a875d14a84ee728ed248f90bc9a16cae64395524576c2c200000a06062ac25b28ea06074159fb635586472b6ba5cd1b6e241cd6d2598046ee6b5444b8c018c53c26719359baad9b4294511436eaa41c0e2ae600e31cd21200c0e94bc7158b6cd1217a7d31555ce4e7a54858f3ce2aa9c93d722a4b426724d2af0013d6902e18639152630282c7641e94f008c03d0d4401ca903af5ab4a06454301e8013d2ac28e6a30a00c918c54f11ce38a422d463239e29fb78e3a53d067b558109231eb410dd8cd2327078a8597ae2b54db92381d2aabc2c339140d3334f3c1ed509239153ba90d513039049cd334213807a631498c13cd38f4c9a4238ce2801003c838e39a69e9914bdfd68201c738a6806641c8ed49839269d804f34a0007140088dd40e3d6ac2b631838355f001e3f1a78233814089f00f3d69a460e7140383d29f818cd022061918a84823a66ac10ddbf1a42338cd34c920c03c0e0d30c6a7a0a9b69078e68f7e95a5c080c6a3823149e4211d0605580a48c1a5db8006295c562b7d9d0f0466945a444e768cd59238c528200c501ca551691672546477a4fb24678200e2af139edd28383d68051287d9803c714be4a91c802ac91ce7d293d8f39a43b145a150721703a542501c61718ad22149c6306a029c8c1e7d280b145a2ce4f7aac6224118c11cfd6b4c819a81a3e99e3daa93172a32a48b047381e95149100a4f5f6abeca4e481d3a534a029819c81d7a55a6438194572300f34e550d0b020f4ea2a4dac1883d4503807048cd6a99cd3462e704019fa8ab4a4ede0f4a84821dc7bd48b8c72722b530158f1c1ce28e4952782074a7718c7414cc8207ad000e09208ef4a08208ee290818cf2690119a6020c86c8ab5b448991d71559867900d4f09caf5c8aa02882413ec68ce0a92338a95d406240eb511048c01cd046c68ab074040c76aaec093823069b6d210d83ce4e2aebae7393f88a361ee88237c1e4f02a66c60605530d86c11c038356558151cd007adeaba8259e9e96b11c485704d715636cf7975142bdc82df4a5bdb837370d213907815d2e8b6896b6a6f24c09082507715a999a7ac325b5ac56909c100023d05711232a2b6318edeb5a5737325c3b97e01cd73b3925b1d46702a0a43480c5893924e6a16257249c015a51c05616270302b30e649400781cd228734788b279ab363954909241240cd5490b6e55ce40abc4ac70e07dea18097a54281d41ae79838ce7bd6819b71009ea703bd433265467ef0fd45046e51850348a09adbb1b6fb4ea30c5d50609f4c5678c470b1230c78f7adfd0ca4167797cc72c010050c654d7ee84b79843948c605642205b7462082c49a8d98cd3367a93f89ab5760ab451818214743c668b0b7190a96948f419aecf418c7f66cf93cef22b8bb76c5ca023248201aec7493fe813a772d8cd6550d299d06889b34f20f524e45655d0116a4a472a704d6969132ad998cf58c919f51597aa82668d81e4f02b0375b9475a814dd47201d5464525b460dbca36e083c679c55fd4236786163d47071d08a6591004a83ba64d23548a28a40c1156428206714dc03ec476a9d7040c541aa1a2304838a90460fb734a0639e94b9c74a571a40101ebd69de52e7a669c0903a5282703145c761bb4638ed4e2a09cf4a76de0738a7003a75142604782072290283c91c54f80700d34f7e7a5004007383c518238e953103229bde801a1707ad04734a0e7ad1cf61cd229210104d0589c67a0a5c007278a8f27a9e2a4a18f82727a54401233d2a522940c548c62823271c9e29a781529181c0a61e320f3400202793deae05039f4e6a144181f9d5819e00a4c63b39c002b4208490bc66abc1112dd3ad6cc116cc66a1b25bb12c50a90322aea4600231c511af1561462ae08e4a950844431d298f029078aba0718e94a5062b7549b460ab493398bab503240e9dab11d4818e82bb59a1ce73585756e0648ac9ab1db4aa5d18206370ebde81d6a475c360d3462a51b8d2a2a2c60743538e6998c641cd004407d69fc8a69041a012474c5002f5e9cd0060f34a31d853b049e7b5003c0c0c9a77cc471c7bd03918238a70073914d0861c8c834d008a988ce05000c0a1088093d318a61c73eb560a907a54241cf1d2a8068e01c1e7d28e871484628563800f1400ec60d0290367bd3411cf04e6801d92053339eb4669a481400a4e3df349bc8e8335106ec4d19c1e79a0094b023a53015c10383509cf41498e33e95370b0e7232b81ec4d407ae73914e2dcf14cce7b726a80888c92070314d55ed9ce6a50a41c9c73daae08400080284c968e72e176b8038150e1bb0ef5a77e802838e7ad5311968b3bb18ae88330a88c6b942af904e7bd42a706b4aea10515bae3935980f27d2b783ba38e6ad22ca9c8c8393e8690f0d92298b907838a7b107249ce055122023180739a6904919e28560462948520939c8aa0245e508eb4c424360823352212463b7ad42c083d73e940c9e452474e3ad40e085c81915653694efd314e203828463a60d0067292a548ec6b554ef0307af5acc991e3382d904f06af5b3871c1073d2864a2bb020e1c004f205203c75ab530cf5e00154d7209c1069264b3b3b5b6f3ee523c1c06cb575779246f10883f08b822b16c25585656c7cc78a2794805fb9edeb5a035ef14e7996318ea6b392332bb1c70067daa491999893c678e69cac23520e79a4511cf310a2307af5a822002e0714a2379662557233f524549728121c03c9cd0054003cac33919ab1301b0007903155a152a1483c9a74c41381d476a406738064c7a1ce455b18936927040a8428908c75a57223e075ee699247346d2ba2a0e0b05157aec9b5b7fb28c8c1e47a9ab5a22092e848df763c927deb3f5797cfbc965030a4e003d80a5bb02be9b1096f621d81269b7e4fdba5008241c55ed2210126b8230154806b1739989cf53413b22c444f9f19046473835de69b1a1b4383cb124f6c1ae1205cdc4408e338aefb48426c9c939c31c56756dca6b4cd1b18d08913382466a86a1cc714a064823802b46c810e401d335997dba3b7742300b115cc6e9174a99ec71d4a722b2a1daacb827915ab6122bdba823191c1ace3188e7284630d8acdb37a630e433669e0a8230d9f5a9ae61224383c6722ab956271da936688981040e78a424640ec6981580c01415603a608a92d138619c8a7e477e05550180008c548aad8e78a009830eb4e0ebd0f19a83041f7141f4e9557b016038c038ce3b534b03920e6a200e3eb532a1231d28bdc2c86e70294292011daa511814f000a9048842d29031c7514fc00718a08c1c0a0a2203af734d2067f4a948ea4544c00a0645820fae050a78a08390280719fd6818d278e29003c13cfad3baf238ef46076a9027180303b55b8612cca71807ad57890b91cd6cdbc60000566c45986100702ae28c5468302aca0a9329b268ead2818a8d00a94002bb28c19e75595d8e0314b4828c576a859191138c8cd63dc2649adb359d73113c8ae2acacceaa13399b8808391eb59c460806ba2704f07b5664f0e4e4715ce7a299454e290e4d078383d293233c9e298c6366a327071dea73c03d80a8700f38a010aa49206719ab2a08155900ea7ad595249a1031ea303a53803d7ad3800318a5c645310c1de81c1a781c75a4c114001208c74a888c9c7402a5c1c678a6e0f7028021299383daa0da43103a03d6aee06698471cf7a00a841038a6e3356f68e869a63e3a5032a0c83487ae075cd4a548e94dda78268023218727ad3447ce7ad5802a500118229202914e29082463b9ab4538a6283bb18a045465c03c53318abed0e01278155bcbc8e8714d0c8401c13cfa62af4392b550a01dfad5bb63b0f3c83da813454bdb726127ae07359b684480a6d1802ba8982985c1e0106b95b6212e08ce013c55a7632686ddc23cb7c0e0572c570dc70335dbde01838ef5c74c31293d89e2baa94ae71d68d866727206054c00f538a80038c03cd488480727bd74180dc1dc41e0834a3af3919a18f2412734a324027a8e0d00395803ea076a56048e9c1a60e0f3d2a6e800140c6c38e99ebd29ee7073daa0058383bb001fc2a6c9239c54810b00f9f6ef50c45a3738ea2ac118627a7ad42c092483542354aa3a70707154245f2bae0e4d58b5930a41604f6cd3e5ed9c0a811d942a31d314cb87c9c1e0015233100e3009aa2cc49c7af7ad0a2bc6bbd893db9a2420b280318e2a6e2304118ef9ef516093c7527a53249add1812101dd556e21712146047727d6b5600b18c9387c70735977570de6396e4938e7b52029a905940ea3a54532b6f2410454f1fcac08e4e33c542581623b135448d80040c4f154a5972fc9eb56e56017693800e41aaaa0ca54051c903dfad224e92d48b4d22595930f2742460d73d195914e46335d0eb97d11b6b6b5880c22f2457336a92492a22e49279a9451b6e16d749f281c348793d722b9b400c8b8f5ae9350da58440801540ae7367973282720107354882c4391711f38c35777a6cc63017a2919c1e2b892a0dcc64700e335d55a4c619a20fc80c0362b1a86f4ce96d080d93d3a547a846ac929232073539da30540009a89c12d221e854e0fbe2b919d08a1a715308038c640a59a305c30fc4d47684e1c11820f3569f84c8191d08a935d984a30549f4aaa473c55f91729111d862ab74600739a93443d1010323834a500c003a54b82704719a70524e7b503457f2c1e3149e5e0f3c55c2001c543807af14148ab83920d2e33c77a9c0c74e6904673414311707a5581ce38c528522940e941220ce28c7a734ec64d21041e28288cf5a660fad4b803af7a69e3af140111e338a6311db14f6c9ce2abb1f6a06349c9ce7814d2464e29b9c668049e83152314fe9de9d1a96200e6a3cf38eb9ad8b1b5240246334ae1b135bc3b40c8ad58a3e052c708007ad5a5502b3dd993982ad59414c02acc6055c15e4735498f51814f03148053857a54a9a470b77168a28adc91a471551c1c9cf4ab86a275cd71d746d49da4644d0e3240acf2a324115b6e339acc9570d915c2cf4a9bba316ea1039039e9598723208e95d0ca015358d32609341b22b82483e828c934c27078ed40249e4d5219203ce0d4ea7d39aacb919c9cd4e9d41cf229a065807b1e2a51d01ed8a881049a980c0aa24073c7a504528ea7d680302a4420a4239e39a71f614dcd2189819a3071cf6a701c5047145c645b4e694a92323a8a900c9e3b50460629a02b15cf4a42a0e063a5593d2a21d48f5a48088263a50411d38a93041e94a57231dc509010804d228c353c8c71e94dc1cf4a2c04ac32b81dea9b2e4e00c55c5524000d46ea738ee2988a0473814f4241fa1a420939f4a0020923a934144f231284019e2b977252e948191b8647ad748092a413c9ae66f94c732e0e0139a68c99b37280c21c100e39ae36e810492703b0ed5d840c1edc0ce715ccea3190c724f24e0d6f49da473d68de265af50454a005f726a00c470074a901c71d8f5aed3881d0e54d228e48e4e7b54c402a71900f4aae090defd0d004dc1041e952038183dc718a8f03231c669ca31c8e7352086b28dc33c03da9ca7000ebe94aca47519a6af2c32718ed5402b007919cf7a84820e4e48e98a9c8c649a663820f5a042c2406c8033d8d69655957df9e45638c23608ad189c114023b1738193ce3b54da6dac77172dbb036a9207a9aae70cd839c62ac5b1f213cd53c9c851548194aeed8a5c383cb21c301d29d636be7c9233701066b4254421700b48c7e63d4935a7696d15a42e5d0890a10c0f4cd322e601042b92090335ccdc106620b022bb63088ec2ecb360852539c57080666248ea318eb424334a01946206001d3bd53930a403c13935ab6b08104921ea0f02b2663ba420f0053405698a8523afa55dd1914ce59cf0178f4cd50948190464f4ad6b75106972961cc9ca934992666a273712306ca96c0c559d2d54cbbc8c05049cf4acb2c18903922b52d633159bb67048e01a0455b8b92f772919c670298543633c13c035524c97638ef52c4f9f958fa63d68b01a2606486da50320b609ad760166008c1c707ad6745333dbfd9d8f018107b8ad0b94747848e09c63dc56350e8a67676c54dac6d9ce54545720ee520f201c5436988e054624018e2a4b80430db838615c8cdd19b0826770783d6b4704ab83d719155e61e5dca903938ab5303190477150682229680303902a2c1e302ac5b8fdd9c743ce0534000fa549ac478e40a72822980734f2081906829084f6151e3b9eb4ec669c077340c68535228cf5ed4aa39cd48074a9023239c5348e31dea6239a88927f0aa01838ea2839a51499e706828691d79a8986707ad4a4d349c0a00ae481d4e2a1639a91867a0a80e0f5eb5251193cd2138e41e4d293ef518049001c9cd21a2dd942d2baf702bac8630880018aced3adca2a92306b64549136380a99454407353800541cf26380cd58418aaea6ac03915b53e539aa73120a515186c538303debd0a55236399c2487d14dcd2e6b6e78801a61a92a22726b9eab88e0bde2b4800154255c835a2e2a9482bcd91e852664b0c120f159f709952073c56acc00aa2c3208e9491d660b2907e9c5203ebf8558b98c83e99eb54f38e3d2ad0c9c114e1918c1e2a05603a7353819aa02c230ab6a72066a82820e4f6aba841f7c5508980a5c71cf5a4520f1e94b9a09186978c7229719a5e3b9a92866076a4c63a1a7e3d0734dc8a1a04203cfad3f1918a402a402840c88838c0a601c9153e3ae698411d290119e08e714c3c53df8229a067ad30430e053714f208a61a00914e30291f9a6a9c1c7435291918cd0067ba80481501ebc1ab4e307a557201e7a67a1a486868ce31d4d656a50928181e7b56982474edc543731f990904e38edce2a912cafa7b662c1c123b0aa9a8dbee0481ce29960fb25da327071cf1915a578098f38c1e9c56a9d999495e270c4103078348092304e7d2a7bac8720f18a801e4638aed5f09e6cd5a458439503a914c655ce4f34e4209001c1a24048e4628100395e783402719ec0f4a44181927a1e941201e84039a048949240cf3c76a8c8c1ceee4d4b1818c9ec2a303e627d6818f041e067228c6381ce6a30c4100f009a93001c01927bd022b48aa1f047152432919a6b8049279c5468d81cd34433d26085a462474e84e7a53ecad249e690024460e3355a39644caa03820815d45b954b38c22e180c11dc9ad84d869b611cd7e727290283c777ad4d4e02191b390720d6958da8b681463e63cb9f535435490318e35e48383f53408e575eb6687498ee03e43ba822b90b38fcc590919c3735def8b884b4b38001824e47d0573112f936a88064919fce8195ef8882d22083a9ac3273c9ec39adad5400b020e7e5248358e464631d6828aee9bf601ce78cfa5686ab3208a28906428c9aa91c4ce723b1aab3392ec4e4f619a086ec5652c640547248fc456d5e9291c614e391902b3ec813316c702a5ba932ea01c81ebdcd0c0a5203904720f5a88601240ab4872594f0473cd40e3e6c63a5080d5b265918823048e0d6f5d60c10487a83835cb444a9523391d315d45e92d68a40c020104738ae6aa745337619565584920e40048e956b680c41e82b12ccecb58883820e056e2382d875e0e2b959ba21ba0b989871c75a7ca4c88871d28bf501108e40e69c837dba91c01506a87da801483e9511055bd8d4b0f1c7518a638049e3a73526a85ce0645009239e293a8c0f4a4538e0f3414890003af34e03348a326a5039e9400a0714bc0a00a70038a006120d44715311509ebc0a0a10d46453c939a613400c271d7b53490452124f238a613d73d680236c8ea73558f4c93c0a7c848046715559f3c0ed52c680939356ed532c0e3838cd500490303af7adab18c800939e7ad4b651d0c07e415645548f1918e2ada900542329920352835067bd2eec5064d5c9f3407a8036690b629a17216c3d286155037bd3835689b44ba68b41c91520931c1aa25b14a5ab4551a25d24cba65047150efa8375377544e726354922727350bf34669b9cd625a56294c060f15965802726b6e55c822b0a64657271c54ecce95aa2adc02549158cc70480715d0140c9cfa5645cc257247ad6a8a298600e4f06ae23642fbd673601e454b1c841ebd3a5581a719cf7ab08403823ad568482a304671cd598f822988b2bc7229fc8151ae4d3c023ad048e029303b8a506814140071486314e1d69f906804460734f0334a01a701ea6a406e0e298463a54a7029b824d022b95279c5000c62acece2a20bd41a06425719cd42c0e39ab3820fd2a3604500995f041fad4a08c60f7a691c939eb460d00d114a01e077e2aa1183cf6ab8fce062ab100f6a0686019cf151e01520f00f5a9081819e08a003d87d2a896730d982e863a035ba0f9b09ef542ee1cbe48e95358be729f903d85688cd9cc6a11146248c826b395b820f62315d2eab065893d33c715cd6304f1c66bae9bbc4e0aaad2254c065353cc3239aac08c75e9c73562363b403c8e95a1911a91d4714a3009c9ce6999c1e074a692792473d4628122c290060f1814a4e003d7350a939e78cd4849ec73ed400d65ca900815246d9006791487057231cf1510001249c76a00988201c0c66ab1523ae0d5b241072738a87729a00f56d2ec55d448c0e48cad6bd9daf997318fe10d96fa0adeb5b58ada048d304edc67d4e2a4b781615381c9e58d6a6289c9c027d2b9d5064b98dc9f94c80d6ecf2f95131efd05655ac0df6b05c0002938a06ce77c44eaf7e4b90563400035ceac99b845209048e055ad5ae3ed1abb14c9556191ea4530056bb47c1001cd008cdd481f3d88e814019ac727273d0f4ad7bb7592693232a58f359e2d59e58d14fdf60a0f7cd033561b758f4b96e1b82c38c8ae5482323af3dfad767acc91436b158a100e01239e82b91861265e7200e6921134204511c0c1eb549d89393d6ad4c485c1e735509ca0238a6844818155c03914932e4a90339ef510241073d6adae18004f51d2a868746300122bad0b8863523236f4f4ae510101815e838aeb26223b7b770d93800835c950e9a682d9708533c835afc00a09ea2b361004c0e3008cf3572e594ac4072c0e4572b3644f287920604f20718a9acd94da053c919a7dbe1edf9ebc83556d404dca4e4826a6ccd11623e1867a52b81ba9a480df4a73726a0d90d0319ec0d180391d4d38004528073c8aa290e5e3a0a9b1d315120c1e6a61520006052703b53a931c62801845467818cd49d09cf5a8ba9c9a008c1e7279a424e08c53c8f43d2a33c75354510b0007d6a1638e0726a663c71cd5395b152c115e5930481d6ab28776c2a926af43a7cf78d95040e84d75769a4c100048c9c0e4d66d8dce30312c74e67da5d700d6d0b748b000e95a5b30381d2abca3838a8254ef221040a9d4d54269c1f031d8505b45a2d4dc823ad4058638a69639156931245adc0505aab86cd381c9aa482c4c1b14f0c6ab83cd2e4f6a7625a44dba80d55c1229d9e28682c8b19a426a1068cf34987293834a0d570dc75a786cf7acdab09c498ae6a26b50fdbad4d19c9ad14505791574e9dd9854aae99cf1b161d064550b8b4254822bb3da318c55792dd5c74ab745a44c31577a9e67716ae092071dab31b2a467af4cd7a5dce98086239cd7317da6ed0c718cd4aba3aa9d48ccc9b5981eb8e9f4ad6888201cd73055a1700f15b16b720e3a71545b3646314e3512b02053b20f4e6a8924030306941cf7a68248fa538548c515201df151819a940c0a06068cd252e0f534008064d3ba5281814b8a004069a453a839a04444544e001cd59c542c323ad0054348054ac3151671c1341430d40c01001ed53b63b0eb50138073c914010907939a17a0c8c504e40e3271cd00838c76a00cfbf04a1c13cf02b374f660e72dc8ec6b72e22f3138ac0c189f2a0800d5c0c197ef819141238ef5c8dcaec7206401d47a5761e6249173d718c573b7f090491838ade93d4e7aaaf13241c73d79a95188c8ec6a21d38ea29e3248038e6ba91c63c8c75a60183c9e6a76041350601f5a100aa4f7e7353aae4135010062a68cb1e01a180d1d3038c76a0e060e0e4538819cf4a53d3a75a400a4e491c834320cd3149cf5a9f19f4140cfa2442a790c40ec3b0a980c00339c5202738c718a7d6a6453bd19840cf2581acd96e9a3865957ef221abd792630074c73589a901168f3480e246200342259cc69b68d35bdedf37210900fbf534db52a448e53a0c9ef5a169e6daf87e5c8c09cb63dc1acf8862de523201c8a4c207313125b038e49ad7d1e12d3f98e0158c641f7ac990132e38041c56e0945869921ce24906452633235590cf7665ce40385f61509501463a9a86d981621b95e4d5c6c1525074154331e73f3606481daa3206cc6067b535c10c49e493d681d0f1802a892b9040048c7156edc82339e476a8002783da9f090180cd0c16e6b8504023d2ba0243dac202f4c0ac88d0188122b5a371e54436e48c0ae3a876d3f8476487888e0818abb22616262782474aa73143731807195ad6954358e32430c119ebd6b168b2dc63c904e723b0aac08f39881807902a2f399adc91d452c2df3464f19e2a19512e11ce734a411c8e69cc063229fd02fbd41ba220062946734b804d0011d4d0521483c103a54c09201a60a70241c1a0687d35a9c4d20e681223c64f34c231521eb511eb40d084669871d0d3c9007278aaeec39c5302290e381562d74f331476e141cd16b6e657c9e82ba389428000c62b29b06ec892085231800002ac601a84360d05eb2306a4d933600ace948048ab0d2715426604d51ad28345624ee38e94034ccf39a5cd5246e3c1a70c530018a900aa4840322a5534c00d3d578ab48448a01a7914d5069e4551042d499c53c8c8c7a5348c526804cf3c53093410699923ad22d0f04d3d4f38aae5852a9cd66d0cd088e0d6aa4800e6b1236c55959284dc0e7ab4b9cd60c0f43466b396423bd3fcdad7dac8e47879170b5519edd250723ad3fcca6b3fa1acdbb974e9ca2ce4b54d2b6a92a2b9504c52e09e87835e8d74fb9706b8ed4ad403e60183924915299e842fcba935bca081ce41abaad9e9c573d6f2306008e95b2870393c9ab068ba0e31520350a90473c5480e2a4122518cd3c1a841c1a900a00700322a4e31d29ab4f1d2a8040052e294d001a0434a9a4a93008a630c1e280184544702a6e94c6008fa500552326a161838ab24015130eb41441d7a8e6a07009201c9ab4401d2a06c73c74a01954804fe34a075247bd3f00924753498e7d71400c6195236939ac39c7cc00078eb5be412319fad645da94240c9cd5c0868a91907af355ef61062240c715287f2db9a9a5f9e2238e4738ab83b48e799c800074ed4f190339a5950891863a669a08c60e49aec5f09c0f49138cb2e7a01d6a2c6071ebc54b11c82a464114c6054e0f20550868207073f514aac41c8e476a6e40e334e0472464114012923a67a8e98e940e475c628c120134cc00411ebcd201dc8008c714e0781938a6e31c8e41a55048e474e3ad481f49807033d69f4546e484623a81c56e6663dd1605891d49aa1abc4c6d61809c87e71e86b72ea2dd0228ebb80cd739a9063ab5ac592402831ea09a110cb5af46b06990440001481815cb4acb1e9783904b574fe236de218c72465ab91d4884b78d40e4f514148c7b488cb7409c603026a4d66e165996350308306afd943e558c931e188257358246f90b91924e73400c5431a83dcf514c966f2f6201c9e4d4a4e5b27a0159b29cbb1f5e066a84d960aac99200079aaa23600e6a68085041e47ad49904904673d298228601c81d7a53a30772f1df9a1a1209c1cf3d2ac5942d2c810601c139350c70f88d98033a02a381c56fc31288108e4935544515b4040c6eda3ea4d1685a445cb1382735c733b60bdd1b70025e44720820035d03a036e40e0e075ed5837c00789c7504649ae940511e0f20ad41463c39598c606430ab4146c208c119e2a98624a9e8456ac7cc32165e4735932d16060c2841ce452820aad11806218e9da940c210052368094600e00e2a3079c1ed52e0f1cf14162014609e7d2a40302900c1e051612007346681d68228b0c69eb4c38c538f079a8c9e29811b7ddaaca033a8f5eb5349c8e2a18080d93d454b2d236edc2c6001daad871598ae781538738ac18ed12e6fa42f9ef55f26941e4509072c479735598e4e4d4f8a85c6055a41b159860f1d29472283cd3738aa192af4a98540a6a5526a844a2a45c1a881a78e3a532494519e2980d04d32470341201a8f1e869720520108c73d6a3618a97208a8988a4ca440473c52a8e7938a426941c9a9291601a981a85454cb4087e71406a61a61351b0589bccf7a4327a9aac49a616a91a84459483542e230ea6ac33645572fd41e9497c459cabc6639b206315ab18c8041aab7830f918c5496ee4a8c9cfb7a56cb544b3410e38353839aac32715616a582250054c073c544319a783cd082c48320d480926a218cf269e2a844a071cd285029a0d38138aa10bdb9a61a7e01a6118a044473eb4c22a422a339152321238e2a13d7038a98f22a23414888f5c1ed51b6075ef560e4e41aae40c726802bf7c1ed474a0800e7ad07e9cf6140310822b3ee978c9c8ad1c1aa970a581c1c71d6a910cc2997a1191ed4e4620633daa4618460464d363194c13d0d688e79a39fbc04499239354c70d82702b56f46460f3cf15944015d54ce2a8ad2248c80ca49c01daa77030081906ab0e71f2e3156410ebe86b46422be0e319c6334a00183d0d295c0040a6900367145c09d70412782687383c8e0d46847a66a73f7012304f6eb4808410075c03d29eadb4e3af1499c8c1e79c8a0907b62a40fa5e9846463a53e930339ad4ccaf28323a20e07526b96843c9af82c72518835d56c6f32471d76e16b97b50e97ef236410ac589aa4432aeb5317d4f682480a011e86b1efa169e58540191d6adce0c978e49e0be726ad2439b87949f94280b4148c1d5dd6348a15e38cd611500019ea2b4ef94cd349293f293d8d502a09273802a90159ced5c1ef54640a1411c135765db824d66b124649aa247a1c2127b53d089060f519a620c260f5269611b5f20d0022e7763a8cd6940cb19ca0191daa9b011b641ea393e9490925ce7b63159bd5174fe23723777e5b248ad1d3d400e0f7248acdb52c06580c1ad8b20372e064735c52dcee5f08b7d12b027af1d2b5236692188e33c0ace9be6f3509c718ad1b219b58b91c281c54328cd8802e47200635b2840570475158ee4c734a3a90ddaae973ba3239041a8196acc314c1edc0ab0080181aa90c811b238a9802ce4f40466917110f1923b54e3902a10a41a7a9c70691b13019191da9bd29f1e3241e86908c123b8a64a199a5e08e28c60d20e0d050848c5424e4123b54cc41aaec48a011518924e6853818a7100e6a353c8e2b37cc688bd0938e3a55b15521e956d473cd45864838a5ce0d1dea36700534844e08c542e41ef54dee963ead8a80df4447df15480b0c4024533383eb5099b7720d38303de82c994e0e4d58439aaaa4638a994e3a50432c822a4078c0aaca6a40d9154225a5fc7ad439a03e68025e8314d26981a9b9c72280242d818a849c9cd216a616c75a918b9cd2838eb55cb62a26b841c138c50069090022a60e0726b989355b78c90641f507355c7886d40c6fe41a7c9262f74ec7cc0690907a573b0eb104a010e01ee0d6b473870086ce454b4c7668b2466a2229c1b229add73daa06559092702abbf4c54f21e78aa6c49ce6828cebb1c75c1068b5c6319c8a5ba03150da1272077eb5684cd60001ef52a11d0d31785ef9a91411d4526244829e39e951039a914814819381c75a70a88548a40a62271c0a503d6980d483a5682169b4a40c75a4e40a04444544706a63d3a544411d6a408c8c83c74a85875ab0454640ea2828ae4647150303d0f1539c8381d2a33cd0040d8c74a8c8e6a720839ed511c67b50021c6001d6a191415240ce3ad3c93c9ed4c6e01c7391cd5203125e198e304f402a28880d8619c9cf4a9ee010c063af7aab82a547e3568c27f115ae954a64727bd60918201ae924dacac00e4d604c086208c735d34d9c955110071d7249c54e9c9e0f4ed500383cf35301927d6b53006c8247351e320f3c8a988e39350e78071c524205e4e338ab206063a9aaa003803b5595e768f4e334c06904124f6a5390064039e69081824f269a0f1c1c5007d3145145592274ac284876bb38c82320e2b46f67f220623a9e05675b1234e964c7524e71548c99cb01ba6ee0838e6ac6a52fd9ad580c6f6e055eb68564b9763c0033c560ea64c97a403954e314168ca4cec0180c9aad703cb5217a9ea6adceca80927a74ace127983078aa42331892393cd552067a915a13c600242d50c1071cf3daaccc98005541340210034f52a1724741555ce588c74a41b1316258e7807a509b81c9c73c54648000248cf4c54f07cf903a8ace6694dde46c59e36003b56de9e7224ed835896a48047402b6ec0fcd20c760735cb23bd7c2287cbc80f3f37247535ab6a404c0e82b06324dd38c9393918addb7201231d38ac4b285da62e588e840cd3d1814519c1152dd63728ed8aa78dbd4f00d41495d17212181c9e41e6b5106003dab25548208efd6b4e1720007a50087c830c081c1a69cf5a918646698452341cac7a8a95c11827bd40a719cd4c082b807a5050ca69c9e476a08cd20c8241a010808233d2abb673cd49d0e0d3186475e94168aee4e091c01500fbc08cd4c4903079aaa4b0704f4a965234e3356d0d528581001ea6ad038a902526a95c4b85241c62ad139078aa33024103922804709a85d4e64203100126b18cd70ad90cc0d75171685a524af20f3542e2c4119c633c66b6a4e2855149ec64c3ab5d44c4f98dc574765e2147c09b82481926b9c974d62720e2aafd8641d0e71d6b76a9491ce9d68b3d4e1ba8a4195607d81ab81c77af2d805dc0c0873c71c1aeb2c7537daa25c9238cd73ce9d8e98b934758a78e2a4078e2b3a29c11c1cd595930013cd6432ce78c534903914cdc0d00f18f4a043f75213511e7a530be060d031ecd81cf15524982824d4335c0518ac49a769323271d0815490135deaab18c21c923248ed5c8dd6ad7523601da0726b60db193af7e3dea1fece8f2485ea6b6a7ca88a8a4f639a6927948049c0e98e055a86d6524024e4faf4ade8f4d50061718e318abf0d98c608e879ab9d48dac8ce1424a577232ada178ca9048c574ba6dc303b4e7d6a116c01e062aec30edc1c62b8dbbb3af4b1bb1b8229e589154e3240c10454a5b8e2a4cec31eaab1c0c1ed53bb6055195c639a63450bb618c03f5a5b307b1e0d519a5ded80720715a1680601ea3b5514cd704119f5a75460703152818a190851c1c1a9140e869a01ce0d3d4015203c640a70a05380c75a0072e491ed5303c735128e6a61d2a910c503228229450781564909151919eb539a88e326914446a2352370722a32400735204129c1c8a841038353119ea3ad42c0645050d3c8e6a1239a9319a61fa628023f6c530819c11814e24e71e9487dfb77a00cdb8039c0f7acd72361006477c56b4d823078acd21464018e2b4818cd14d58103b9acebb18c161cd5e51b5883c73c62927456427d3b63ad6f0d19cb517ba618e48e2a60491c803deabf463cd480823a7435d07293839041192053318c8c639e869a99269189ce3a1e6801b9c1e3b54aa4e093d41e2a0001249e952478238e314c489792304f0054273ea2a7200233d4f148547f0f4a433e96a28a2ac831f542088e334e9631069be5f42571f89a82e713de2a03c8602ae5fe0a46b8ead9aa21193816f692c98c1009cd71b3312d93d4f7aecb5020599507ae0571533609ee3b5288ef632af64c9543f5c8354470d9cf6a9a4c1947b74a61539381822b644b1e395e7915049080011de9c18a0c1e8686624640245202b024820d4047049aba5015241e9db1545860b0c60834122e06141e953da1024e0641aac0f62781cd5a84e5d48e2a646948d7879727ae6b62d1cc6d2138c6062b16df709706b62d86e9083e95c950f46088c10b3a92480588c8adb848dca074358ac844ac0f04364015aa8cc1908c6322b02c75da1ca9f415466385048e3bd6b4df30f4c565ce808c672052045946531a90720f4ad0b47520e79c9ac8b55214a9f4c8cd5984957c16a0a3581ce45440f3f4a72100804f06a26043107bd4151242726a68402707bd560738a94120f1c5059230c1c1a88f1cd4849272698c0628251030cd464d485b15039c1e3bd22911c87d3826b3a6765e33c0e4e2af30ea4f4aa72004118eb48d113db5c2b0183822b496404735cb15689b2323a62afdbdd02393d281d8e80364540e0118eb55926cf5e41a943826a45b14e483273d2aa9b7e71b735b0a549e6831a9e075ab482e73a6cc927001c91c1a43619070306ba3f24673d294c4338e0d50ae72c6d08078ce7ad462db07a60d750d0ae0e0019aaaf08c63183da9b1a6664524911193c7715a314c4e726aacaa33c8c62a24186ce4e6a1a2cdd47cd3f26a842db855c5c9c52258e078241cd5696400739ab0462a94c0e0804e4509019f29f31b1ce3b8a1200380319e6a758b905ba9ab8a9e9c8aa405416e06411f8e2a416aa4e4a835740e31dc53d08c11deac5768a82d57823b75a996d57b71530c03c549900715017910792a31c528503040a5326011558ca4640352f946b98b04803938a69940527b8ed59d25c638cd536ba6e40e054976345ee0633907d6b32e27de383c0ec2a02d213c722a48e0258678039a12191451b16e4f5ad9822c053b718a6c3085e83357a35039f4a0cdb2500815201ed4a307ad38502105387148306973914021e01a700690714e041a9192038eb520e3ad460838cd3f39aa440f06826980e294558075a88820d4a2a36e4d202122a16381c7353bf4aae46781d6a46860e460d424035310075a85b1d71c9a0ab1191d41a89d7238a9f1838ef4d3c83d338e281154290698410460724d4a40c72334d2081934014e6049249e959128c1240e01eb5b2e00c924126b36e0100e3b56912599d302007039ef51b1f94e3a55c18dad919154d972187722b6472cd186c30c40e07514a08238352dc2ed6e464d4208c62b75b1c4d5a448090318c8a7b8246476ef508e99156133838e9b6a84573c8c1e285201e390294803033cd20e303ad301e18e141e48ef4f6190290648c8349ee79cd203e99a693804f4c0a7555bb90470b13d4f02b4466ccdb28d9ee8c87903249ab57c402bcf406934e000720f0714cbd196620e38143251837d2911024f7e86b8b95d497c64633f4cd751aac8a5510632339ae6ca00bc01cd5c4199c002e05211b01ce302ad884024e39aa932360900926ad1999ecc0838e4511b1079e98a94a11818e3a546500391da86059030011c8aa8c1496c0c1356eddb00823826a39a221895190466915ba2a2ae073c639a9222720fe54a9863c839a923560dc54b35a65f84e1c13d6b72c4813608c823ad61420e57d6b72c812e3b122b96a1de9fba493102e253d09c6053e36638c7d68b81b1b278cf7a4b738da4f279cd73b3446a672306b3662031078ad0046463d2aa5d00581c706909112b1455239a7c6499b278047148a995209c524646f5ce722a0a2fab02700e31574805413d6b3013bc11c022b521c1500f6140d0d5c834e34a460f1d0d201c914ca1c0823350b1e7d69e081919a818e49a4344449dd814843118c7bd1d1810294b72493d6a4b203c8e95195c8a988cf1eb4c03240e868194a684b8f5c56718590311c1ade2a31d31ef555e151c75a1149d8cc49e45e326afc3740e01604f71513c1d71cf150085979f5a0a5cacd64997d7ad5a59722b150301df357e1381c8e94d325a34430c0cd1bc74eb54b764706943e382726a88b164924020f19e6a261d0e2901cf5e05389c0aa02b3c608e47354c8c3600e9d2b418e781518193922a0686400019e6afa918c8aac7db18a901206474a43273c8e0f355d81c9cf19a989c8c0a8b201209e94c08f6727bd3978e09a7641240a4c73834000e0e41e94ddf83d79a1891dea36393d28024121c914f328c60f15003d32299938c9e695c10acc08201393509a79c1e40a300f5e08a45948c449cf7a05b36ecf622ae85e69c073d78140b98a62d94631c9f5ab714600e95200054ea3028136340c54a010318a4000a7e01ebc548870e7a714f193d6a3030383527415200739e3b53973dfa520a06714022514e5ce7daa119ce01a901e7834016400053b008a8811520aa420c1348334ece0629a78e954c419a69a4cd00e45480c6e47150e2a6208a61191c74a0642467a0a84e074a9ce7351b01d0f4a06990139393da9a7153118e4540490467a50088c8cf4e95013824139a9f19383d3ad4040cf07140103804e71daa84ca0f03a0abcfc9c74aaae32180fc7156896660030707b8fa557947cc48e41ab04287001c718c543230000c1e2b54735432a604e707a74aa60e3be466af4c14938eb54880081e86ba61f09c53f8855c13927229e0f18069800039ea6973ce40c1ab448e20024e064d45800e01cf7a988ce08e3350f4c8c508964898391e9432820027a524670738ebc54cc480b8c0e3b8a00fa56b175591b2883a609ad8ce324f6ae5efae0bbf23249c01e8335a23366ce96736aa48c1dc79aa97e409300e335a168860b7556c719391585752f99739f4a06be130afa3264231c8c5502234da1f000ad0bd981988ee0e2b0eec190920e48ed548864534d190c10e71deb32695b8e4e2a760761e304f6aa4c41e4f6ad11231dd89186e6a22cc481da9c4e49c719a61c018f4aa621c24209c82734a266380d9e6a3040382714c241240e82a0699338c302ad8153c7212002381554380402338ef57162055483d7ad44cda9976100806b5ed4e1d48e99eb58f1298d46793d6b5ed1812a411db35c733ba05bbb05b68c6719a8adc9de01ab57007ca7be6a8038b8503b9ac99aad8d263870071c5364c9193d074a59862443db069720a0c8c54821806541a8800af9f4a9d4e5081f415030008cd4168b131f9411dba55bb6977007be3915582e538e476a64279e38c1e940d1b0c411cd479a889c60e69c0e467bd03109e722a3ef9ef4e24815096348a40700e4f14c23a134d269d9c8e7ad41621e4807b5260839a7601381cd382d0310107a544f191d39a9d46062823228114b191c8cd26c18c0ec6ac81f8629368c9c552632b84e724669e063db1528539207028298c60534047822931839a948c1149b7270298080e4d04903ae69ea064714102811191cf1402475e69db48a50b91400c04719ea69e09c019c547820938e94e1d01a4049bb00e2984e7a0a43d71d714019e4d300079a70245274239a53d41f4a0069c904d30038c54c3bd0064f0290108040c91cd28e6a6c703348171d0520b9085028da73c54b8e46294000f0681910193e946dc1c0a9c28383dc5215c1c8ea6801aa38e6a5c718079a60041a906476a9001cf4eb4a29001d08a075a90428eb4e07191460601a010718238a403c1e4034e14c039ce69e3af4a6805e87ad48067ad478ebc6681d38a009c71d2a6155d73520231d6a8449906987346690f3de81084f34dc9a43d7ad2672315230041c8348723a50702a32c2800205308a7e7bd309a00667350381f80a98f5a89c8e9dea8657623a7ad4046300138a98803af35112304e73db9a00a8e4938e82a3618180b9cd4a47390dcfa54449033de844b32a6043673c8aab2608046770ab972b8ce4e49e703a56764e082dcd7440e69955f93d338ef549c61811815a12823a1e319ace20124826ba11c750011d472694120f239a6818e7b9229c490474e78ad1104c082bcf1cd4040ce08ce2a54193c9e287001c119a008c0e848e95310481d45407af2dd7b55c4e14516251f45cee522623ae38ae5923696e9723237035d3ce018ca9ee0d67e9b0005e43c9078ad36466d5e4684ff2c32638e2b93dc3cd6079c1eb5d5dde7ecf2e3b2d71c324b1cf6a06644d9df291cf27ad64ab90c41f5ad59f80c739cf4ac720fcc7d2b5466c7cc836640e3af158ce4e4e4607a56eab02a01f4acc9a100920671de9a119c411d0734d04670783eb53b8c93938c8a871824f63d29920a704679a6b000934a303007049a0827b67340c83a1ef93cd6b58b02e8afc8ac9208e09e6b4ad3685249c115954f84da91a920f98e3a0ed56ec8803a60d6746ec5b2dc023afad69da8c29c7ad71c8ef817a4248c7a5566401d08ea48a9fa8e6a33ca82303b562cd512dd121627ee0f5ab287cc5c0e48ef54e43e65be7b114e8490a083cd21a2f018e9d7bd54942b3119c1ef5794164f43541970c7eb52ca45cb700ae09c90315105d97241e415cd3e02476ed4db918f2dc7638348a4587246da5520f23b540492801e680491d71eb48a2c33e463b8a858700d21e39f4a42e7148a486938c5480e092462a3278cf6a01cedcfe3523240401c735228040a85064103a8a980c0e2801f8346011cd2645380a044654678e2900c9a791ce7d28c550c4c51834a382063ad3a81119518e94dc1e83a54879a682053b8098c743498e7069d9007269a58119a00610734a060f4a7034a064e0f1400d0307eb4840038a9714d23ae28191042383cd298c76ed52a8c0009a9428a2e22a153cf7f4a420804d5c2067a546c063eb401001df1cd381e69f81d3f3a880c138e290c94007b538007ad441b1d7a5480f38f5a0561d8029028c938a33934e071400d205295f434e1d318a0500478e73d2900c1a9b00d3180152323230302814b90066980d494893a9e293a74140201c9e94b9f4e28603c1c53d4d440f34f56e31d4d20250734b9a8c3034f1d7d6988901a50714d5a78154019e290d0050491400c3c1cf4a683dcd389a4c54300c9c102a13c6081531c115193c7340223248a40694d3714d001207355d8f1efdea5c11d4d42fefd0d5010e7231d854441231d694f5e38e7a533209c13d68022618aaeec0600e7152c9d80393558904903a814224a528ce483d7b7a56630c3303c60f6ad66500123d338acc98306e9c1ae8a673d42076001233d3b8aa2401d455b763cd56208e4763cd7444e39101183823e94bc91c91430cf439c538003200c5688cc58f00e4914f624f43900d440126a75008c0340915885078cd4f1b1c77a69031c8e688c820e0e39a067d0d7b21ca81dbad5ab5188855398067cf6cd68a0c2a8f415a332453d41ca5b903a920572c4e09e319ae8752276a815cf11c1a10998b7030493c8ac9000041cf35b7348bc8c66b25ca918038279ad510412718038c5309de0e053e6195c8fa55304a91ef54490cb1e19b1c9c554208241cd6c1889c1009f7a88da82c49e3152332d460e40e6a40a4e463a5688b68c1046001de98e5109c0c834865216e09cb74ee055e0608d54640c01549e462481c546092c013c62a59a537691abe7a0181839e957a1908041e335971c632063d3a55e8d802063ad72c8efa66d003cbe0826a2520a5246405181f5f4a072180e2b9d9a21c9caed3d8d11120b293c8ef480e09c8c823146407c67823348a45a85ca9c139c52160ed91521400822abc7c3903a66a0a44e1829e7a54926248581eb8cd30a8239e296318500e4e28288ad645923c8c8c706a42707839154e0056e268c1201c103b558c1008349144dd41e6a3391c13cd311c0600f4f4a7b60608efcd228504e3ad28a8c671520c9039e0548c7a81926a603150a923a8c62a507da8014d2ab75a613c806a3ce4f5e940160f4c7ad0b4d1c8c51923af4a043851499c1e293ad500a0d4249048a7907a0ef4814923273c503180e4d2724f02a5c60fb629c01340c88291c9e73de9e0e39ed52e3239a66dc0c76a004279a8c3738152152471511072303a50c0796a7892a100e7eb40079033401396a61249fa76a00200cf14f51914202324019ef517239f5ab05734dda3b8a00801a7062793f4a71427a1a615c1c0a9024046727a54838200ec2ab82475e29c0900827ad022c03914ee9508240e0e29ea4e39a043c1ef9a0e08c11499cf4e940e68018401d7a521514fe05275e4503444460714809a79c039f5a8cf0481dea4a1c0fb53c11dbb5439e0d009cf5229302c838a78383502b54aa4f4f5a2e04e09029411d4d440d3f391cf18a698890104506a31c5381a003b74a889c631521e980702a1c60d201724d3493d0d048e99a693c0a004e9d69a4d2e6901cf4a100c278a8d8f03da9c47201a88934c08df07a71503479c918cd484e7be29a490411c9aa114d81038041aae4e074c9cd5b6cee38f4aa926060e706a90885b24e49acdb90c3a0e9cf15a0e4938cd5390060475f71574cca666b1520e7bf5aaed81d3935314c679c1cd42470303a7535d7038e6434d5e9c8c53f073cf43da901f9467bd523114364f23a74a9622a4364818e2a127048079152c7b41208e7b550857500f5eb508e3a1ab1228280f7cd43b4504b3e8a0079801f5abc2a18e300927f0a9eb464231750e643e800c561bf0ac7d2b72f81dee6b0e60403e954886605c60e78c1ce6b3f18e719e6b4a61ebd3355085f9707a9c9cd5a24ac50e0e79f6a842649071c558958ae08038aa2d200491d4d508bab34719da7393e9d2aacb210f90b9159f2125b25baf6356e272c30719c548d3227264040cf4cd562e4753d6a7915a33819209a0a82a31d4d229144900e7de9439c823048eb48c854e0af20f5a146074c52297c46b5b162b92719a9a37266007e19a8adf021e7eb4d858f9c830319e735cd33ba99bea30a31c714c8ce5f19efd2962208c1ed511043801b8cd73346c8b72642823820d54b9628f093d0b60d5a058a9dc3351dcaabc2081c8ee6932917cb0d8847afd2a143f39ef446730a11d80ebdea6014ed23af7a8290a3938a72f0483c6685182691cf0a7d0d22888a85983e7af0689401c8e689701093d05421cb2521a222092091cd5957ca807b540075a0120e0f1490c98003a7d6a6041e8715064000e339a901c004724d032c0c014039e9d69818f41c9a0649e9c0a92c71248a1411d4e69cab4e00e4f340c703c8c714a47071eb498a7a81de810c1d280314a40048a071d2a840066940e3ae7148cea33cd462600e00e281a522518ce0f152803ad522f939c702a40f900d34572c8b200a6919a456040c9a76e02826d24340146d0714c2e09c0a15f9c1a2c1691208875c526cc1e2a5ce0735116069a4805000c6452e47d314c24804fa53013c83de81d87b115016c1ce69e4607d6a120e72281a44a24078c52820d57e9cd192318e2915c858239a68520f07ad442424f3ce2812e0d22791930045380c8c1a457040c75a701dcf4a0968503038a2900e94878a910b499e47b50083c1a08a0646480726986a43cf1dea2c1c1a0620f5ee28ce7af5a5eb51e40383d4d41448090403d2a60c00c8a80761d4500e0d224b80e69c08e82aa86cfb1a94124104e2802607d4f14a38ef9a8d4d3c1a130149069849ec78f4a0904f14d24530434927b6314d24d3b804d30e7ae6905869241a687c1e7b5049cd46723249aa4161c5bd45444e7229b939a6924f4a04332472690e0f7f7a53c919e6a12720e7a1aa108c0020fa5537504e719ab2c48c91db8a8cf39f7ef548467b1f988238a8c838248c8e7a54d2704f3ed50918073c6781570339996e143679c93d6aabb1e87a1ab9301b877aa6fc8248c0cf06baa0714c88a8e39ce0d263a03d334ecf3c73eb498278f7ab46418c7539a72e01e3b8eb4d0001cf241eb4e1b891cd5124a7d338a8481530e8413c8a8cf1cd203e93030314ea29a4e01f6ad4ccc8be39638ac2b9c053cd6bddb92c4918ac69ce46473568cd9853939c0e6a068fe5c918c76abcd193c6338a6326410476aa24c599b00e00e2b38e4b1c9ad6961272076aa26120fbd509a2a3107071914c4728d91c01daac18588f4e78cd426361c6320d4de2348be19655c1c64f1ef5524530301c91ea6910942080722aeb6cb85c1ea3d3a8a96cd11418ac8304f351ed21b07bf4a596278c90474e71eb53db36f64054922a1b2d22618440002284277a01d32335666889231d315147161812700d62cea81ac980c01eb8a6ca4039ef4d19250726a6741f293c0358346c8922c050013d2a3b8380a077a7a609e4e09a7b95d986193daa4a5b9241cc0003c81524272083cd3202a61c0ea453636201acca2d8008e4722827e52477a6839539ef40e067d282c82421e17072081835563202601248ab328c64838cf6c551dc55b3d8d48d1633951814df7eb4c070720e05283c67340f627ce013da9c84e33e95083c609cd390e0714022c85c608a9c00781e950a91851ce29e33d8e29346889d4e4734a3150870064f4a61970739a076b968904007b534ca14e0d67bcd8e86a13231e43646299a2a669799b8645573330e01cd410b382bcf06a52a739c7140d24980663ce71cd3c139ebd69a17d4fe18a9446460d0501e467b52ab73c52633c74cd3b6800638a0070622a553953cf02a1209e9c54ab90b8ed4c9688f38340049e98e6942e4f3c54b1a114089472003ce2900edd2a5028001ab3322c11498c9e453c8c9a50b822a4a216181c1a8864f6eb565d0e3a5460632318a434572bd8d4646074ab640c60d465323af4a0a4cad463b1a94a629a548e4d218d048e94e12360827a526da66307039148568928988ea78a94303d4d67b640a6890e0678a91385cd5057b1e94020918acd59883cf02a51303dfa50472970904702a23482404672290b8cf340c4278033d69bce39e7146ec9e304546c7238a92450f9c0a786f5ef553760d21700024d4b048bc080475e6a40c31c5538dc9fa0a94124e45228bd9238eb4b9aac188efc0a78634c92618c537d8d00e7a7a521e9c53041d3ad467be0e49ed41c8e01a69383ef400d620700546d9ef521cf51519f7eb4d011824534d070319a69201e2a841d7a1eb50903070738a933519200c0a04420e4f3de9a48ce46714f3dfda999041c8fa5521154e32722a09170838a9db823de9ac72319c8e38aa464cca9c00a085e6b3a421810738eb5ab392081eb594f82483c62bae07254dcad823183d4d3c107f0e2838270074ef522ae17818ad0c440091c8ef4ec90300e71d69a08e849cf52281818ec28249546471c11526c181cd57048e41e6a45a00fa4690d2d1566673f77cb1e3a715892360d6f5e8019b1dab9d9b20e456a8c5959a419c03412a01c8c62ab1701c03d686932481d05301b84cd298e32412a09aa12ccc4e0300471c5402e65009268b48a4e269496b19c73501b550401ce6aa0ba24004d28b96e9bb359b52344e258365110075e73508b6d8491d2833b6149ede86a55981f727d4d43e6292883daac899239c5664703899885c115b82e40e3820f07152c691c80900566dc91b25130a59807008200a930bb411c8eb5724b252c48eb9a0d9b04e06295cd158ad1b63072722ae31caa9ce715008885c11c8ed5648ca6318e2b266a984240193d46689492704e01a48f81c1a59064024d4b2d12c2446b83d7b9a0120e47209a747caae79e29380463a54328b4ac02807934b918e94d183d7ad46e7240079152312420f4359f336081dea7998023d6a8cd260027a0c5095c7b1309400b9c7ad48082bc1e6b09eeb61e79f4a586f816c1ce33eb8ad7d993ce6ee40503352020af1c11daa817c8e0f14be7a80467a75a561a66a238032697ed0a2b212e430233823a73479d9c0cf39e6a2c6f034de627a74a80b92073c5550727e56eb532920e7764e3a5163643c70540e87d7a54aabc8c8e2a3527392393566360460f5f5a450a005c11ce0d5b8c022ab80a41c7507a538384c1041a009c2e0fa54c0022a10cacb907eb52230e0134c4895501e838a5318cf029c0814a0a9e47154222d9cf4c53b1c54808c64f4a091c501722da49ab0801a8ce0723b537ce50783405a4cb2578c8a029e98a6a4cae320f4eb4ff003001409c24802814e00520653c83d29370ce0504fbc2b0c8a8f14e2d4d2d8eb400c29ce2985707d2a62c0f4aacf20e99a929210814d61d451bd7d6832281cf6ef48690004751d2a265c82071e952820f7a53c6280299008208aac54e471c55f6008eb8a88a827349a0291183d38a8b711ee3a7d2adb213918e954d90e3d08a435ca33cec703ad3c5c13823e98aace31824e4d405c82413c8a2d706a26b24ca4a82793d45485c62b00cf8ef4d3a8045209e45354d993d0d992418c67a553372a0e09c66b14ea59206707bd67cd71233a907241a3d919fb448ed21981009615791949009ae32dae1c8c6738ae8ada624804fd2b270b32d3b9aa322a453c75e4546304291dc528c8248eb525164163c1c714e07d0735021e79a9c038c9e4d0891841c64f14c22a53e846698400473d69811e0815111ce3a54c700fad44c00c91da9a04427bf39c546483c1e0d048e45264e2a842e79e7a544719ce694e0024d30f0077a0430939c0e94c3b80e3934fec73d2a23c007b91c5522195c8248f4a631c75038a94e73c9ce2a32abdf9aa4414a75246403c77ac79400c4119238ae8a4298c60904561dce37e0718ae8a672d52af5008cd38804007a0e68c63a7028c0c0cb60d6e6003a807a1a3040e0827d294e07d31d6800000e307afd681000782462a41919e94c048191d29548c6719cf6a911f49514515b90615f1196cf7ae72619dc0939ae8af472d5cccfd4906b581ced99e47cfefeb51382149068c9dcd918c1a6b9214e39ad084cc890b06e09c1a8c9600f7153c8e0e7bf3d05400800f38cd034444f192718a6ef6183da9e4023835191c1cd268b4c952620e48ed8a998e41c74aa9b4600079c66846619ee2b168d5325669401827d491dab46deecc510272739acd126580eb9e0d5b9a201005e3d8564d1bc19a30dda4a32700f7abc973805723dab95851958f04015796e3381d31595ac6a8d3c0258839a994a95c11cd662c8093826ae40c48c1e40ef59968956252d8069f2404ae474a62b618e3352bcd85c6719a8344d9121c2e3d05301dc7006453c02cb8079a9218c06208c0a92c7e7180783e94a403d78c54c611b811cd4241cb548cccba24f00608eb55245629c74ab52ab6f248ea79c5054943ea0669c18cc436e79cae7350ac38393d2b5db042924039c1f6a6f97804819ad53333304c51b07a0344c5c3127a1a596205c13c63a0ab202b280403ea698d265486490360e71daac8621b8a72a2a15c2e6ad88c1c000135074532aabb01919a944cf9e460fafa54e63c6001807ad48b0820938e7a523745433cabce7a7426a4135c1008e48e7deafadb2b919038c5588ed881c8000e2a0b314cd7041c924f6c0a687b8240cf19e3d735be2d403802ac436ab9058671c0148b4e28c3b492ea32c189c1abe4ce879e8456b0b55ce42e0d581082b8232680f6913105cce000573e8451f6b9413919ad716c0f6c534da464118e7ad55982944cc17e00c1cd29d414e306a67b140d909cd566b042dee28d4b4a931c6fd08009ce6ab1bc5cd23581e858919e98a78b01b4f24fa0a46a941108be50090c78f4e2a65d4948c139f41d2a1162738f5e2ae4760a00caf38e3bd037c8097e41e7a11530be6e383834d164a3000e00a905a83ce30300714b5327ec8517ae7b533ed2e48038c55c5b6518a58e100f028336e2673cd281d48c55192e6707838edd335d03c038e3915524b7527a00698d389886ea507dc7147daa5e49e98abaf6a09240c9e951f90a0f0b939a45a712386f240b922a717cc4838fa0a6187a900629a21507278140ad163db500380a7da946a511182483503420f4155da0c1000a09e48b2f7dba32325bb5576ba888cf7aa06103a023d69361240e9403844924bc5248edd6b326b8c9e73ed53b42412091559a33d4e0d3462c81e42e327802abb024f19c1ab0179c7a1a912224f439cf18ad13b18b4d9523b66c024e79ad08ed495ce01c1c8abf6d6b8c0241cf635a4210074e40a86c85048c010189949e0e7a56a5b1c119e952940474e94c8d180e7a1ac5bb968d689b3c9e315741e320004d664009c7d79ad3001c540d8a0107a54e06071c544391c548bcf07a5201d800f3484714b8e94119e734d08ae462a36e071c54c78cf355a4e46074eb4d0cae7a91dea3cf0706a4030720631511dc31fad50317a923a0c530f5ebf5a53903278a6670070326a89109c1c76150b12700e4d487a9e7806a127b739a110c6e06e3d8761415c9e06477a4c027241a3200c93919e3b714d12559892401c0f5ac49892f83ce2b4e66c364f19e9595349938ce315d34ce5aa35b903b73c1a41807006734808231d4139a4c609c31fc7a56e738e008cf7cd04103a74e8050791c7247a74a72b003e6a04228c8c0a51cf60691453b1401f48d14515664605e9c79981d2b99b83c74ae92ffa498f5ae66e4e091d7be2ba21b1cf2f88ce2406c1ea4d4129214e3a54ac726aa4c18f18ce39ab24cf9301891d38fa54200ce49c8ab0c0e0e3f1a801e79e8298211b239e800a8b24639c9a933f2b8ce4139cd44080003ce6a4b401981ce718c669c24032318351807007a7734019e41150522c42433a8e001cfbd5ab8936040339e7a554b65cbd3ae4932608e0743e9593364c9d1d76924e4d42320f5e9cf15186c024e31d05311c86a868d132f46e4b0e302b4ed8e09e95880f208ee7a56adabaf00f02b19a3783340004f4a89c1040cf5a9c73823ad0c0923dab16cd931a0e3009cfb54884e4e4f1e94c0093c8e8689015008ec6a4a45c8e507209c9ef4f6405491c77cd66a310c475cf35684cc14826a4a22923e07bf5c5539010303e957d250060d4ad0c4e38ea0d0073d8048db521071922acc96a637620f1d6a31caf5eb56981993203c8a1013c63045597504e3d288d324fb555ca486c60e4e7d854b1821883c1a420f41c1a7818e4f1526d044839c003a5584c051daab0041c67bd48493c74a46e8b91ba81c8c03576128f839e2a808f72608e7d454f0a98d464e71d3dea0be546bb08f000e0d34002a9a4849c9cf156d0838a09689c63356028c03eb5540c1c8ef532be3834c8687edc74a511f1481b238a76f2013542f7881e2c3004542d10246454c5c9393cd2641a0b5cc40612471cd384400c62a5070694b71934ec5de4575830d915304c714e438c8f5a5ce6825b91108f07814e11e47229e0528383cd201a140140500d38904d309e68015802066a9b28c9ab449c541d6804562a39a8bcb00e4f515313ce4546481d4d49a2b9015c544c303246054dd4f5a63024678a0b2ab75c63e95130e3df35608f9b9e951e32300605202995c1e4f1511c038a99c1e99e2a1604367a81c5004679e82a0740471cf7ab04fae3da9a1093cf6a0c9a28a420b671deb4628b3807b738352471103a703bd5e8a100e4f7e949ccc5a1890e0138e7b548010003c1a9c0e4e4f4a66327239acdb332bbaf3c1c66962500f239153ecc9e4d48a809e9cd21a1f1800f156932463ad310608cd4aabc9c9a4049834f028001c0f4a900f6a0421000c8a889efe95311ebd2a17c76a0084fd3ad44c704e7e9521e84e3a546707af5a68115883939e2a1e0679a98f5200cd418232318aa061d00c0a88e0671cd3f249e78f61cd44c7a8eff004e335448c24e69849e07b5001ce4d030471d01c50912c601918a6b950b9229f8ec3a531b8c83d38c0aa20a130c9071c9ac4971e6127806b6669300e0f4ac890f98f9da01ae8a672551aa47036e29704e3f4f7a51918239a781b8e338ad7a988847438e68201e871ef4a01209e0e452281c11919a001464e49c0dbf8e694039ce7b629180241e87bd3b20608ee2a80fa4293b5274a463856f615a23167357cc70dee6b9dbac8c1039ed5b97ac3383eb58170727078c1c574c3e1399ee5039ce6aacc40191d7ad58b82011b7a0355181209ce09aa11589ea3d79aac07381ce33531030ddf1d0d43c9ed8a006b1c2f3d38181518231d7e952363a9191518ea727a54b2d0107a9eb8068500f2281d724e4629d17071d01e959948b76ab81d3355266264624e4678ad3b7501096e0739c565004bb8e460f04d666884724800ae2914636927ad2b8c9381c628e40000c7bd05920620e0f22afc0dc8f43cd6780720120d5a8f3951d306b1a88de9b3a08b91c934f3900e39f6a82d89d801392454e724f3ce2b99a46f11f1b00091c50dc8c0fc698a300e0714ee48e7a5666886c70e792791de8246e2a462adc20043c73d6aacca43165e6914308cf6cd3c310b8ce6a35627a71558b61c904e050048e5b701e9d6a0607a74a92370588273ee29aeb8383c8340c8822904f7a72c273c1c0ef9a158a91dea70738e7deac688c4608e5b18a615603006455e099c1238a5080803a506a9941411b463bd48a00383eb9a9de250323b1a69180a3919accde0c950923e9d2aca90781c0aaab90082319a90151c1ef42354ee5a5e8454ca48aac18039e9daa50d9e9c531d8b68c302a6ce455407183eb520270083412d1282474a796c8c1a88104734f229920a78c0e94a075c9a4191d79a5079ab400472314ea08c8c8a00a6035412dd7a53875e94a073c75a7a0c1a091a14934630706a52bcd0452b02645818c0ed4c20d3c6734d27348a216a6138381c5389009a6311525a202093c1a6107a0eb4f3513b0e80d172d0ce99f5c546dc77fad48c4052338c0cd40c09009e7bd22861eb9ea4d445881c722a500900fbe298410693626e2539012323a8a840249cfe42af98c679ef42c201c9149b21cccf119380462ada43db8c55c118209207b53820033d0fa5498b9900880da319a9c00073cd2f2318a70193ee2a4c9b19b782450063935381c1a50a493e940910856ea462a55047b8a51c7514ec60605218a3a8a997d0f6a628c8c9a9c01c51601ca29e3df8a450053b1819a112276e4541254ec78e3a0aaae79e38f7a43444738a80907f1353b1c8e066ab670483cd304464e0920e315013924838a91b273c0c66a1230304f191d2a9008491920f4a8cf1db91f954b81c8f5e714c239c83c7a55a44911073c9c6298339e714f20e31d4d20a77258841e08e474c54720072090062a560075e9513e319ce3030334220c7bac823159bd1891d6b567c0ea01e39c5649203003a1aeaa671d5dc9482172064e29abb891807de971c0038f5a500fcb81566428e471da8000c7340520e01e0d000e9d4fad301091b860e4669587038029304139c11ce0520248c13d2a80fa4aa098e236353d53bc388eb48183f84e62e892d91eb58731c92300e2b4ae5f049ef9ac698b03906ba51cc5590648e3a555638041e48ab32b118e7a55438e79cfad302b1c82483c1a88025b18a79c6319a62b1560073cd0242499008e83b8a8c02781e95239ce48e79a8c12482063150cd10d270401ce7b520387520670697b9cf19e9498ec3a9a8291b40810f041056b29464123bf5ad2240b50028076e0d669002b01e8715068444927078c52e7804761518e028073dbde9e490083c7340c72b718c54aa48233508201e073d69ca79c8151236a67416ad9da31c55f2083d2b2ec4f35aa41c0c8c135c933aa047804ae4f1df1560818200c54241c703dea6192073d7b5626a3d5b68c03c76a61c91499e307a838e29d824647068194e4429cf18aac4e4e08ce4568b8dca40e4d51c738270281955c84e47e3532b07009e0e322a19d70a30473c53226c1419e94013918278fc0d4ab9a69191d79a5040c114c0b91b03c1eb528009c0aa832319e86adae78c52297c4063c1c8e94d7504e71c77ab401a4d84e40e293354ec532338cf41d0d1c8e077ea6ac187ae3f1a4f2db9f4a46aa6300c919a9c0c0e698108c03d2acac791cd33553891a9f5ed532e6976606453c026806e2283cd4ab826a31c75a5039c814c8b8f19dd8a18107029464b53b049e78aa42b88b9029d1904e0d2ae45014039ab15c9828ce2a50a3a81cd570c4114f1283c118a134492608351b0e7ad3bcc07233cd4448278a4d8d119e0d309c53db9350907359b65a222d835193cd2b03924d3086c71c6295cd5728c240ea6a13c9c9e9531073d29c21ce290f9e28ac011db1428278357fc900537ca00605043a899502919e2a3310279e2af98b04526c00e7ae6a4cdcca3e58fae29e1570076a9ca01c6314d20638a096c808200c7148304e054a4645300c0c0e08a9208b00938e315228ee79a76319e3ad2a8c0ebd6801c39e2940c0e46281cd2e48e09a4242609e94723a734b838c8e38a7281c7bd032450703352a80074a8c022a41c0e4e69098f030697a0a45a3b62810d27008c540dd3af3daa623deab1205218c2703af5aaadc64f4a9c91820f5aaf27208c76eb5680849c9e29a79c507208e38f5a4e48e69a01a48192474a664e33edd29cc08e091d6a23d4e4e7356891c41cf34de07414649040a631201f5a6910c6b63925460d57909e83a1ed526e048cf5273f4aaf3302320f43dea9221b33e4625892bd2b39802dc70055a9882490dc8eb8aafb79c01939aea82b1c551803818eb4e4e073c134d3c9eb9c714e1b41c11d2a8824c0040278a00618238a61c80d81df8a782c4e4e303b50004900027e95116000ab0429c13d8718a8f18ce0f7a00fa3ab3afdb09cf615a3587ab3108e01c702ba2073cfe139899b2493cd664c4138cd5b772e091d2b3d980e49e4d6e7394e4003faf15111c13c607e75230cb9c1e82a262a0e08ebd69815e438e839355f9ce0f5eb53b9241041f6aac073400e3ca818c0ce69bc73df14e238c1e94800c702b365a18464938381d29c809207714ac38c81d3ad3a100b0c9e475a9342eb1ca003bf5aa520c03938cf41568820e718154a624b601c815051003dcf18a999181077704540402320609a9f702bc76a060092411c76a900206738e7b5447ae4fe152a0248247d7151236a669d99208f722b609e01ac7b5043020e2b5f20019ef5cb50ea8003e9d2a700019ef55810727d3ad4aac40c03581b0f1f5a90e481daa14e091ebcd499e383486478c0c8c8c553903063c75e95a19c1e7a5579b91c0c53032e624a900608f5e950c63006393566604827be3ad558490841ec78ab02d8241e7bd4d818001e82ab0c30f6ed8a9c3018cf3d88a9193231ce08c9f5ab8a06dc8ce6a92f27238c55a4209c938a435f1132b63193cfa55a520e08355c738a720239148d0b4571d28da08e98a036719a78c1340b6210801e6a45c014ac3078a00c7068293240053c003a5340c123b5483a5034c0a034a50114e03da9e076028417220a00a90007ad2f4ed4a05306c6edc53828c53f03bf6a29888f68a3666a4c668c5170b958c4d9e0e0526c600f15700a5038e6a5b0b94318c7b52edc8e6ad9414df2f8a43532a18c1a020c80454c411da8ed40d3642631d45204e78153537a9e78a90bc88c8a61500f353d30907a7354222238c546476071529233c8a8c9152040c29bd0715291cd44c01c1e94011fd4d33209a93001e462a32327a5480a339a06076a404528c74ef408703834e0063a5201e9c5387005201a460e79f6a9d7a0cd46064802ac2afaf4c520100cf5ed4ea500038a71031f4a621aa71c1ef4b9a43c9a09c520233c0eb55cf0793533b738eb501248f714243446ddaa038a91b8201e4d42720e01fafa1aa0226c8279cfb7a530e4f5e94e271d07351fcc49ed4d086f18ebcd37b73814f381d69304e471cf6ab422227d314c638009e41a770382298ec471815466d91b6029ace9a400107b55b2d8ebdab32e981ce3b715bc11cf5195f86e4f5269ca141383926a2b7639c1e78a9650501c63815a9cac8e420120629aa79191c91509249c9e335663524027b504eec5c60039e452a80393d7a60d3700f4ebdea55cfcbd3a92699400107d306931924528c13c0efce6908c719aa03e8bae6b587243015d2d71faac83cd700d6f4ce799cfc980879c73d2b39f04e338c1ad271f2907ad65900e7be2b739c84805fd00a864ec71c76a9643c9c73eb509000c0c01e94011375e79c54040c820019a989c0e471eb5013920e07a500809c0c74229838230739a539ce304002900e79acd96480e549eb53da8f9890b8e31cd4454820000822ac5a67e627ad4b35412643600e959f283b89038ad09caeec124e3a0159ec72739c0e9d6a10c8c6e1c0e4d080804673df140271c1e0d34121b0381401600cf24e3356a150463ae39cd561ce33c55a8c81c03cd4336a65f80b0231c0ad0041e3d2a842320139cf7ab61b0718ae57a9d4894538119f7f4a69e003da88ca9ac19aa1ff0036410318352264e735193838cd4aa7900f1f4e29163c648e5b02a12403d383529c75c542e0e300734c0a732020900926b34104e076ad775c8e0e0815978024718e3d715608b308240c75a946e2700024d4309c0ab008249e9ef5231f1023073df18ab4808aaa010460f6a9972319e6a46be22dae01e7a8a99793c739a841046075a9138ebda834278f1d08c62a7e95128c0fad3c74c1a4224078e697008a451c5380c9a631030079e454a306a32b4d0597191486580463a54a0d40ac0f4a93a739e69a024c834a05460f3cd4a08a60201cf14b8c528c034ee0d048c02940ed40e0e69d8a402814a0605274a5a09131cd30814e3cd25050c22930318a79e9519e41348a19b698c38a78e064d309cf7a90184546720f1c549d7a5308a068849c54449353119a6600e7a5004641039a61191529efef4ce47515204447af6a61c0c903ad484645348e314844401c0a5029e07a9e28c70680000814e0783ef4e0062800e78a2e21e8a6ac8180053101c53c0e38e284201451d3a9a4240a0043c5425ba8079a918d40460f5a0635f918150127181d6a62700d407009c7e34218d380738a818724700d484e0e7b540d9273ed8a648c2463839cd308c93939269e4103a0c0a69000c9aa01bc0a43ce31de866039c533a8c03c55225b2338007a835139c7414f3c0e4f4aab33903839f6156918cd95ae5d4024360f707ad63b48c49249352cd2824e4e49aaf80400462bae0ad138e6ef21f0b90780093d2adcc014c6324f5aad1e03004631c0356243f29038cd36415000460fa63152c7900607438a8c640e4600e86a484600c9249a422503827b9ef48a08e09cd388ed9208a728c1ee7bd050282000c39ed4ac421e80e7b8e68039cf3c1a507de819f435709aab29b8600e706bb77e11be86b82ba04ccd8eb9aeba6725428cb9d808e6b38af3cf5ef5ab26047d7e9597275c815aa641488218e7803afbd40401824f5a98f24e79c9a84e33c5041131ec2a219c922a423e538e698304e3b018cf7a1b29013ce4f5a6a804818e49029d818f7a8fa104f18350522fcd184751da9f00556000e295d4b0424f614f00019e86b23648a9723e7c8001354986738c0c55c9ce4f0739ea6a9b01c77e79a0633d06707b52633ce69e46490075a7af4c633eb4087aae369238c719a9a304b039c8ce714c8f0471c8156ede125b39e3a62b199ad334e3c0553b793d7d69720370b48410319e9fa8a851c8618ae73a516989da2910927029e4657047279151270c0f4ed8acd9a22c7b0eb4e1c1c91922a3c8ec69e0923e952684f9c83cf02ab9c03cf7a94606315148092001cf5a06231007ad65103ce603b9ad4d9d7b567ba9f3d402003d298d1222b0c63d79a52339e7da9c720f0690e0608e0f5a00963c90323156140ce49e455753900f7c735345919078a4345a8c9153800907a62a00063ad4e08c64751c524688b4a010327069c062a2462393c54a0e68b0816a61d2984679e94a38a450f14e2011480f14fa68084020f1cd48a73c1a3ad007345809000452a838a6a1ea29f8a100f0dd334ece6a203200a7e48eb4c91c391d29c0d354e7ad2d224514ec1e94d1d3de9f9a0060a6934f22a314994213de9b4f18a61e0d48c61e298466a434d20735231951918a931c714c3543184022a361c5498f7a6374a0084d21e9cf4a701dc1a3839cd489919a8c8079ef9a908e2a3001ebcd00340e69c3a74c5078208edc5386290870033edeb4f55c724e6800019f5a7814087281c7b52e4520e051ef9a0902714cc9072690b607151e4d26ca1c4d42c475a7b370702ab31ce33da81833f1c1c8350924f6c6694e31c532a90c4383c834c231d3a53b3c8a63039cfaf615448c2060719c546490483c53c639e3b546d9201c75a0910807241cf15177c13c76a71000c66a2240e9c7bd5a25bb44865650bd7be0d664937ca4818f7a9a69b9600f245654929c300d915d34e07155a85466cb1007038152738200cf4c54238078033532e38c1c1ef5bec73132001811d47af43561806407a715120078e3d2a40085e2a0a2a9c80467353c47232700e3803a540e307239353c27e507ae3b50324271e8734f05b048c0078a6100e32b839cf1520e808efcd031063070780294a83d0d2e093d78a180279009a00fa0242047213d029ae12e4e6720fa035da5e36db793dc62b8a98e0927823001aeba672c8a131c1048e0d5093804e3381576e46421cfd2a8c872b8e9d79ab4494c90470011dea02074cf152e4838c62a2900ee7069888ca82080b8f5aaab9dd827906ac13c1c1391d6a0200200ee6a580ec8ce3ad30124f4ebc734ff005c76a680724f5c521a36cc61eda161d8609a6ba809e98ab16c8cf628472030ce2abdd36138e48ed58b37465ca08e41e0f5aae4e4e33815282700139cd37041e79a6310004907a6734a7006077a90020640c0a8812739c64e68025b4243b02783818adc8100e4f35930c2430246056ca900609c9ce6b0a8ee6b4d012b920f4f5aae172dc9c0152120e3b7ad280700820f7accd132c654800f3c546001d0f4a48c9071c53cf51d79e2b368d531b9233939e6a5041e076e6a07386c7b7414aa7818c541a22d03da933cf27a77a881c038e01a1739009c83d2a4b26001e9ce6a94cbfbd538e41aba322a09f00a91d0f14c08cf56038cf4a08c0c119e3a8a507279a6918619e05318f519db9e09a9d7939ef5021e578ab0981c10473486899492464707a66ad26318aaebce0e738a941208038a9d8d11631dbb53831069a0f00d3c01d71d281922b67ad3c11d71510c8cf6a0939a00b2381914a4e0714c5c81cd078a6810e5639c1a9546466a14c6718a9d4e2840c500638e29c323ad0071eb413c5310ec6452e2a30c453c31228100a4248a5f7e94a0763400aadc60d38118eb4c229074a4c0933914d34d071c0a339a4c00f038a69a766a324d48c515130e78a93a521152322071413914ec0e6986802320e29841183521cf7a6918aa020a0f5c6714e201eb4dc0efda80233c0cf714cee71dea5351600ea315201e80f7a78ec73d6800f7a728c13e9da9123c0e39a7039183da9a326947143245f4c1a6838e2949e29991414213ce0d3694d424e0e0704d20109c938fa55738041f4a9b3c9c8e0542493d07028288d8e06734ddc064938a18d2679aa243231c9e4546d80060814a4e7008a61383c76cd5122673c01d05464e5b9ed4a493cfad42707935484dd87b12075e2b32e6460403d4f4c54f2ca557803d39ac4b89ceec0241079ae8a70b9cd56a5910ccc0b1c5579461460641e4d3901247273d4d0f92719e07615d0958e16ee5604f185e2ada818538e48a8f93d46734f5040e49f5c76cd53121e01e9d08ab2a0b2f2724f0055400f52d8cf5156e3208c67047148d115db824153915342d856caf18a64817764939e9c54e8802f0722a06309208e4e3ad3d7200cf14849c00067d2941ec783400e04e483c8ea3d683b3dc5397927e6ce0714b8e0640cd211edfa99020073deb8d93e6600f6e6ba6d65c8f29477e4d73131c1045762395946e180c0ee38aa24002ac4e4f191dea8bb1033c9cf6f4aa42222a41eb8c1cd46f8392304d4ec4b8e38c55761b5b8e4e39028604279520f155c83d4738a9c927048e0d424924919e38a403b19033f853402781c01d69d81f282723148bc0186e7bd008e9f4d933652a1e31822b2ef0825901c1c66b4b4c0a6d9891ce78ac9bb3f3e471dab1354505520e0ae06334f1c019e3ad2818239c9e948c30dc8a458d63c607229a1092001d39cd3c81919381eb4f51838ce6902572e4382412c7238ab8e31c8e40a8ada3240269f2601c1e99e2b2365f08020804f7eb524618800600aa392303d0f7e6b563008439e08a1a288892a549ebdea639f6a420723bd481414041c7ad43434ca6e493cf18348ac074e4d3a6c800e38aae080093c7b566d1b40b11b65bf0a9c3600efcf1eb54a36c104f6ab01f24023e87bd66cd0b4a73cf19a827e154fa9c548a714c9c92a0e3340c64782323183d69e401f9d3212471b6a6238c8c67d2818c03904d4c33d453003d7b9a9141c633818a4344e9c1e2a6033c1eb50464138c722a700839069164a808ebd2a614c539f734f14144a00346de41a514ea0050334edb9a68a9178c11d69a18dc0078a507190453f19a0a9ea05310a0f181de94734dc6052e320500382500114e5c82052e40a04203c60f5a7020d30f1c814d048340128c52138a40c29dc11400dc7140a522931c5260211819151906a426995031b9c519c0a5231d693140116493cd04f1cd388e69a47635231b9e29a4e69d8a611d2811113cf15193cf152d464609140c6b10473da9a093f534ec52018edcd210e00f14f03de9a0631c74a78e3029883bf140ef499c1a3a0e7bd0021270314d27a7a529e0818c66a263d41e948046233cf14c63ebd69a48269c4e0500576383cfe151939e3bfad3d803827a5444f6ec6802324e40241f5a4c64e05389c1e4d047cb907069a648cc9cfa91dea3279c8f4a1891d39cd30b123a7154806139e31ef55e490e4fb548ee31c0accb99829041c119e7b56d04675271488ee661d49f7158e5848c492493c0a5925278ce7278a628c118c641aeb4ad13cfa93bb2740471e95061b763ad58058024af078cd403190464f3c7a5519920046003cf7a980c03eb8a8c6480474a013c8c673c5052258d4b12338c54cab8180d9029918603233f41d29ea41e3046282921aea01040c7352280464824fa834ac148c81cd0b90303a9a818c20e300f24f5f414e072700714bb3e6cf53d68030092381da810f1b80c76a08240a540339038f4a5da0f192314847ab6ab36e9b03a01c573d2923271c5685fc85a424f6ac89a4ec2bb92390ab210482720d5162a4f0d906acccc3233d3155188c71c64fa74aa0100c1e4f151b1c1c83c53f2460823a6314c209009c020548cae5724139c0a228cc9245196c1760a0f6049a731c0c02460d451bb24d1381965705476241a4049342d6f3cb1301b918827b66a2046e4cfaf357b5199a6bc9a4c60b3648f438154d11b201c67f9f3498d1d0d890b13e4673d2b32f0648239c3135a10b6c849c74e6b3e61b94918033591a140e48e07340040c1ce454a3d71cd44c4924f502a5943c8e170bc62a48622580db9a6a9f940357ed549180063d6a1948b8a02ae07005665cbe1864703a5684c70b8c60f5ac87667383c11d0d4a2d10b4cce7935af69331508783dab0ce03007a9abd0ee1d3ad5146e95c9183cf7a50d918c60544ae5c293c1ee2a60bc6052122165de98c76cd5120824e738ad3190327e9ed54e6439c8e01cd64cd20caf904e0919eb56e320a83eb5508231c73d2ac44707071ed593374cb2bc1c018a260766473cd34124d484e54e476a92c8a2209e39a973d4918a86200363a715631c1cfae68180c6719ea29c00207b530039c0e839a70240c9e290c9d4006a71d38e3350203818353a9c0a8ea52278c6072335281cd4439ed52a7039a0a25008e94b9247d285e7a1a70031540203cd498c546060e7d2a71c8c9a68001c1e6a451ebcd42454a0e2980e033c114018e9403cd3a8244183c6682052014e03340098cd34af34f14a7a0cd0041820d381229fb41a691dc76a45064639a334dc6690038a4c0774eb49814b41c01520263229a7ad3c5348e680184546739c54d8c77e94c201eb5204640c54641cf352e29878a00880a69eb91da9f9c74a4233d2801856931c8a7f4a4c670714008063af347af14a2931400828fc2971dc76a43400d278eb50313d3b54c481d38a80e41cfbd0c068a61249a7138ed5113ce475a004241a8483db814e2003cf4cd1c114224849c8c1ea290d2b1e78e3351b30c601a006b1c707bf4a84e0e72d8c5485be6e4f02a94f200081c66b582226ec549e6f2c124f00f39ac49a62f91b8f3dbb54f7171bf20f63540e49c8393dabb69ab23cfa952f2140181db152a0c900119f4a8d58e307ad4b1f07181cf5f7ab6648925380063248e7151a004600c7b1a91d94e30a71dea4b550598f61c0cd00200c8091cd35412e4f7ef53cc39c92303a629919c3f3cd0522655c2a823927ad21e49cf18c74a948cf04e33d3daa1232486e86a0b2707209c631c8a1012413c629738231c7b5071c92714980c38c901b27d29e064727b52305240c90473c5387420521080024724134fc609231cd03820f0476f6a518c9dd939e45303bdbe2be7100f424d629209ab975265b201e7a9aa1d09c0cd771cc4728ce00c55423e538e9569f24f4c1aaa7241078a008c027071d2980800e4633d69f8caae013f434c618e474ef4808e43ce074aac03060738c1e2ad905946460d41b7a0073835204f71209262c0704034e85496c91c11d6a25009008cf6cd5c88280054b291680c0001cfcbd2a8bb0c11d6a6170b9e320f4e2a00a1cf3dba54164383c8ce01e69806013c7a54cc3008355a42366074079a402c4439c0c935d0431808bd8edeb59162a4b1e39e3f015bc4845e7e98acd968cfb97000c9e82b19e439241c7a55db9972491f90acb62c4fb9a10c94072578ebc9abe0e0038e98aa30839c6707ae2ad924600e41ab046902a555c70475ab9148080430271cd63425b054118a8e19f64bcf393cf18a8037d80c8ef8a8241f2f4cd3e1903e483904714f65240c703359b1a33b8040c53c100f3c8a9580032147a66a2c608f618a83a60ee4aad8ebd2ac1c6de38e2ab458c11d7bd582415e06463bd666898c8c024107915608c1c63355e1003648e9d0d5a272723bd228685c1e4600a701d33de9463a6339a5033d07148a1c830706a718cf4a8d060e454e09e8073481122706ac281558100fbd5a5191414380c1e29e290000669c2801319a78c7029c071483834ca1c39ed4ec63a535734e1420003d6a4a6e0d3f03bd324407140ef4b818a318a00419a5eb40e28a0031c75e940191cd028c5008611ce05263152521a4046471914d26a4ed8a8c8e6a0a1460d14949d28003e98a434993499a00422a322a434c3cd48119148054840a6118aa01081e94d34e3d3069b8e2a406e7b0e6802947d3005309f41400b9f7a6938eb46290e2801a706a13ec7914f271d6a03c8245224427239eb51134e273c0ea2987a67bd301879209e3da8248a424e4738351b1033df8e33400d6248cfa7155890091d33523120026ab33904f15a25725b1934985393c0ac4b9b804007233535ddc90395ac566de73cf35d54e9d8e2ad541b24d3f0a000339a60ce572a01f5a979c2e47d6b74730918072475191532000027ef1cf350ae41c819ab4830324526088c8049272302a484807038c727348ca4e4e473d853c03b48c741d69142b3e4b038c8f4e942af00e314de703382474a9626c9c9e40fcb34809c80064f5c557604b019c6455a230bcb126abe012327207148a25ce460e7238a70c9eaa3238a62f0a401c629e002719ce464d2186403c8ce38a002063b7ad29007279a683f36474269887e324119e29739ea303b528392076152c68ac326803a099c96c83c1e054032791d7d69ec01fc7ad376818c1e2bb0e6229002d93920f61554804103201ab7202391d7350e70c411c0a0762b00475e41a31818ce09a98819e3f4e6a163f2903a8a6218460e476a8c9e071c531ce0024f4a6020800e704e6a5b121ea4920838391d2ad12428c77e39a8a2519c91dc62ac48a4ae41c1150cb2ba060411c1073531201c8efd6a0ce0e09e0d389181fa62a4b1642a4100609e723b556c123014935231c9042d3a24cbf1934b6046b58c200ce700f156ae5805ec69610111401d2a95d92464638ed596ecd4c39492c739f6a8c7a7514e620924f53d28382012bd2ad104b0a824e467156180c82bc62a2843020f4cd4c46380734c63d4a85c8e48aa5331ce42f5a93cc20e07151b8231503362d2424283e99ad220915ce46c76640e456cdb4dbd141eb8a4c0739201c0c9aafd4e4ae09e08e95648c1c8a85c12011ebcd41ac050003c9e0d4b9c02074e9ed51a0c8191814a4e14f07158b374c5846581cfd6ad903a0aa30939c63bd5d39079fa549a0f000a78ce78ed51a8e31d4d48063af0690c7a8c679a901e869801006075a9472290d0e5ce78ab4338e6ab2f2722aca9e7d850532451814f07045345380a00947228039cd001229d8c1a76126005380a00c8a00a10c78a29053c0cf4aa0147028eb451d2802339069e32694004d28a0571a3a529a5e940a0630521e69e4734c3d2a5890d34d2334fa4ef8a4322c60d15211c5467835202631d6984629f93c0a0f4a9021248ed4d26a522a3c500213dbad369d8a4c63af3400871d73c8a8ce39a79f715166900a38efd2908e29012060d21248a65082a2240a90f5e38c5464820e00a092327819a81880303b548483802a12463d48a006927839e077a40412483cd21e480075a61241c01cd02621c13e98a8588049ce7348c49200ed503103a0e69a25bb03b820e320fa563dddd01dce0f1e9525ccf82c377404f158321660496ef9c75aeba54ce4ab5ada21c642e727208e31d78a888604e39a14e4608ed4fc9c609fa62ba9238ef722c6460f03b0352107208e463245300c364f43521c0c1f4eb8a042c640c63807b1ab40e546781c5564009e707356480400074ef52ca40480467800e680d90d8ce09e6930c09cf423ad0a09523a548d0f45278e83d7ad4e85b80140e7a546871c1e474a9813938c522d0e2c7671b81cf350609191d49c73568804019ea3ad42410400320d08a1c461781823b7ad0091b71c11ce68c9c64741d684ce7d850843c72411c0ea699823193c03d29fb0900138a300a82474e28005273c0c8c558030aa46704546838c1e82a55c91804e0520368b28c0eb934d07df8a8c600cfa1c9f6a457c9ee3f0ed5d8739196058e4671ef8a8491938ef9a91c0dc4902a118ce073de818a490a001802a0047519e6a6c1206460d4254138c1a008dc6460fa74a88e40005590bcf5c528519c9008152d8ac4908c291c71448d85c1ea68270a09e82a03ce48e41e6902212778c77cd2f51824038a08c8e98c503b10bd4522c0f4201e8075ad1b3872403ce7041aa48039008adcb68ca20e33deb39b2e24a701702b1ee589272dc0ed57aea42bd0e0d64b484923d473528b2ae0e321781d33405c6003d69e41c0a1412e0e391c7356c92c2649008c549d9b904d0a3807a13c726984e33c76a902ab1c1000ce7ad4b9c852076e6a12307356611c60fe1400cb704970781daaddbc86299413c03d4d576c091081d0f3514d95901079c5219d30208cf635148a0720751552ca6dea411dba1ad0201ebd40acda2910a0c0049a71047503148a3231d8f4a5e4820f3ed50cd90c8db0c7be6aef4e9c1eb545080f9c7357813d48ac8d90ab8c838c9a979cfeb4c18ebd29475c9e948b1e0e473d454ea78cf5cd42a0670474a9171900718a452241c1e7ad4c87241a8c024e6ac0000e2a463c735201518e3a53c726ad013ae314114d078a783c500394d281482a4a60347d2957814a39a502813140cf4a314a3a7a518a0434714bd68e87d69071da980bea28140a00a4019a43f4a52290f149821a6a3a7e29a40cd22901a61e9f4a7536a406f229a48a711516714001e69318a53499c62a4029b8a52690500348e39a888e3dea639c54645080662987dc52834a48aa022246702a124839ea6a761deab3637649c1ec28021249e4f06a027279f5eb5618f38c74aae480724e31d2a40320542e54725b9a524e72319c74a858e14923269a25918603b77aa17570aa1c6ec9a74f7010e001cf4ae76e2725b93deba6953bb396ad412594b10076079ef55b39390ded4649209e48a9102e49381d6bb12b1c4db72180e32793f4eb461b20904669e0e0f07069c4927a64638a043323201e3bd1804e4537a83838f6a901e830401408963439c6467bd4c06071dc62915080a49c839fae295880140272291620392339c138a7af0091d8e29a4938cf19e80559085573c678a80435141239e07356a3840009e87f1a84755014827ad5c206d500600e2b366886000b283c8c7635090771078239ab201c820e719ebc54320638efd3a75a10c605183824629e0631839c75a600c0907380d934f001048381d2a9080004e4b60d388e31c1f6ed4a00e703a763d69c3070475f4a9600074c1e40a5c30fb9ce7934aa486c15e0f5a7aa0cb0073834017490b838eb4038180d4ac082001d7afbd20c0183c0f515d86046c4e4e06303b8eb5190b8c0e0e2a56e4f3d3b501415c63914011a8c8033cf734aa800e39c9a90050063af34c6240eb8c50046f819278f6ed55c64f404539c938148320ad480acc4a9cb60f1500206d23b548cc3800138ee2a2520939fc6900ec1c9c1c1341e980bf4348090c4119039cd4eb1ee6000f7a1b29227b4889705b80335b0721319e2a1862c2e4f151cf3003039f4158b7735d8ad332938271deb281258f6f4cd5b75ce4939079aa0092ec41ce09ab809b25f71c8152c209391d08e41351803bf06ac420007355710e2bc607031551c827073c702acc8483c673d2ab2e0e4919c52005008048eb53a9200046067a5460e071c8cd04803033ebc5031cc7249c74a8ee01223278f714f5e491d8734f94e61231920d48c2cdc87033d6b68480af5c11c1ae721244b191d0f15b2ae41e0d4b1c0b39c107d3a0a79383ea2a3e081ce68009390338e6b268d50b1e4bf02ae8240191c66a9a9c37cbc83d455a048e00c8eb593563783250063af4a781919f4a60c91c714f4382476a9341c0734f03269a41c9ed4e5c8a2c522c264d58078aaea4035229c9c5219600e2940c1a6a9a7819c50087038a78e2a314f534d00f079eb4f06a31d453c53063c1cd009eb8a4f6028028025a290525048518cd14a0500005038a514da0a14d263345149b2469a0f4a762a33c1a43434d34f4e0e29c4e2984d48c69fae69841152e38e6a3350030d21a5c8ce076a2980d349939a53d690d00274ef51902a4e9511e383de900dc019a61e9c714f271519c9a00898f1c9f6a8c818a731c8cf4a8ce082298109eb9ea2a16c1393daa6200a818824903834d2022273903802a94d308d49cf34e9a628a7919ed8ae76eee59c950719e4e2b7a54eece5ab52c88ee6e4b12338ef9acf241ec49269707a1231d47ad00b10a3a64f5c5772492381b6c3918ed8a781c1cf6a5c0cf4c814672b92d8cd021bf2e467b53f03190a73eb9a00270720814f000068022208e8081daa48c11b49e98e829002c7a75ef562200ca0118c8a0090860991d0d30e7b02462ac4a0051cf03a540a08c83c8eb5050e507773c0c7153640049e71502e475efd29e304f4e3bd2044f0925d483815a040240231546dc0131040e055f240ce17ad66d1a220624e7d3d6a16620f4c0ef53c817248a8700103a0a062020903a7a934f19518ce00ea6a3008382062a651818ea0f38aa10a40271bb3c714e0a7233c0c6722a324f191d4f4ee2a453ea78ed52019c12491c53c8cf00702a305771000ce79f4cd3f0d8009008a00bc411c0269c38000e3b529e0124824d0064823a03d2bb0c030a791ce38a4254f18f714d2c769c703d29a0920500359988c8c75c540064f43ef530e723a8ef4ccf2324815204447031d00ed4f40a0e08cfb52104e7b714a1be5c639348085800d8079151e013cf7a3192c4f5a6024923819a06913aa64a8073ea6b52d61ee466ab451648c722b61140518e0564ddcd92b0d7215700f418aca6392c4724f3576e65da48acf7e0120727bd2432a31249cf03a5560a01c8e73d6ac9230413cf5cd44318e3f11548864a3a8e7a8eb8a9d463201e0d45180c4024f1d6adec20f2474e940151831c641c77a88a63241c67b55993008e719ed55640d9c67a5500d5249619e41a71246303a0a87187041c67ad4a7054039e6801431201006718cd4f1648c63eb558107823000eb53c0e4381dcd4949954e37107a835a11485b927a0c541720aca48239a4048393c0e8690d1a28e0360f20d590481c7248e95988548c06ce2ae249b80078238a4d1a265a8caee031f5ab2080011daa94782c00e87bd5de475e95cd23781203b81c71532f3d6aba9c1c8e4e6a6539209e2a0d51213c74e3bd22900f4c0a3b7d7ad2720023a0a1948b29532e2a08c8dbc75a95793c9a06591520a841ed9e2a51481120a503148a453a9a01335221cd47c50a706802cd20a6823a1a766840381a514d06941a09140a5149db34a29800a28a314804238a41c75a5a4000a450b8c5446a439a8f3934090c23b1a6d4869b8c0acc6371814c24538e6a23d7068650629a69c09a43400d24d373da969a78381400b807af14c60334ecf1cf6a8c9e38a09187d3b533a7e54e351938183de8022623241e7150123907bd4a7a106ab311923ad02634e08c77ed5465948241e2a69a40aad91927a5634f3023031e80fa56b4d5cc673b14ee661920138f5cd631662c493ed9ab1302eedc81918e6aa9001c0ce4f06bba9c12479d526dc876320d009c11c8f4a5e808f7e94a09da40ebdbdeb4206e0903db8a524019238e94a01e31c1a0a838279c1e7348638120104703a52f04526064e0f07a0a70e0807b5050838e013ef576d54871dc5530f86c9e72381deacc6e411f9f149a027b80438c9391c63d45571d78191d8d3e6259c10492466a1c60649c0a007e33819e4f4a78000c60d30608048cf4e29e09e8054822d5baaf99927e6e08156a4396272700f18aab0852f9239ef564819eb8e79a865a133c838e950904001b9ee08a901c919180298c5bb1e9daa463464727ee9c54e9c31ce323d0d35471d793d7d29c00e80e307268010901948f5a148c75ef814e620f38e00a00c819e86801595b71071c918c5031cf38e69d8503d33d298db41e5680348e4118e7d41a781c70314515d262318e318e950a923be074a28a60202474205478c9268a2a863801dea17273c0c014515222b004819c0c9a9218f2c40e7145152ca46edbc2022b28e2ac1242e73c5145666e654cd96c9e4540cd95e0823db8a28a489640703b669bb08390739145154644f0a90013c5587c1524b01de8a2a4a4507249193d3a015190002739cd1455a0131823183de9792a3068a298222078c138a7825581ce7b0145140cb370aa515cf0462a2520c793d4d145422900930c08c0abd0825b38c67a83c1145143291750e704718ab4092b8e0d14573ccde228273ee6ac202067a1a28ac99b224ed93498e73de8a282d0f070454e09040268a290cb20e69e091de8a28044a0e45008a28a100f3cd0060d145003cf3ce6941c0a28a6805069e334514912c78a28a2980669460d14526021a08e28a280421a61eb4515208434c239eb4514148654640cd1454142521271814514d00da69f6ed45148069a67ae28a29924448efd6ab9ce78e68a280207383c9355a460064741de8a2a8550c69ae490c09c91d4d64c8db9b24e28a2ba691c53284a72d8239a841249c1e734515d68e363b1ce7ae79e7d697009ce719e94514c4380076e4f7c528201f63c1345148b13200208e294820939a28a100a40e0ede4f1c53c00064f7a28a1923c3038c0c114e031d4e40ebed45148a1e48239c6053d412385c9f5a28a0116514e5738cfad4bd4f239cd14560cb404e013d87b77a61e993c628a28188ac3040e73d31daa71c6338228a2800c92572bd7ad0b82541c107a1145154058030385c9a8beb8a28a903fffd9, 'kimashi', 'kimashi123', 0, 0, 0, 0);
INSERT INTO `traveler` (`TravelerID`, `FirstName`, `LastName`, `Email`, `Mobile`, `Address`, `ProfilePic`, `Username`, `Password`, `isMerchant`, `isDeactivated`, `isSuspended`, `isBanned`) VALUES
(10013, 'John', 'Doe', 'john.doe@example.com', '+1234567890', '123 Elm Street, Springfield', NULL, 'johndoe', 'password123', 0, 0, 0, 0),
(10014, 'Jane', 'Smith', 'jane.smith@example.com', '+0987654321', '456 Oak Avenue, Metropolis', NULL, 'janesmith', 'securepass', 0, 0, 0, 0),
(10015, 'Robert', 'Brown', 'robert.brown@example.com', '+1122334455', '789 Pine Road, Gotham', NULL, 'robertbrown', 'robertpass', 1, 0, 0, 0),
(10016, 'Emily', 'Johnson', 'emily.johnson@example.com', '+2233445566', '101 Maple Lane, Star City', NULL, 'emilyjohnson', 'emilypass', 0, 0, 0, 0),
(10017, 'Michael', 'Davis', 'michael.davis@example.com', '+3344556677', '202 Birch Street, Sunnydale', NULL, 'michaeldavis', 'michaelpass', 0, 0, 0, 0),
(10018, 'Sarah', 'Wilson', 'sarah.wilson@example.com', '+4455667788', '303 Cedar Drive, Hill Valley', NULL, 'sarahwilson', 'sarahpass', 1, 0, 0, 0),
(10019, 'David', 'Taylor', 'david.taylor@example.com', '+5566778899', '404 Willow Way, Rivertown', NULL, 'davidtaylor', 'davidpass', 0, 0, 0, 0),
(10020, 'Olivia', 'Anderson', 'olivia.anderson@example.com', '+6677889900', '505 Redwood Blvd, Oceanview', NULL, 'oliviaanderson', 'oliviapass', 0, 0, 0, 0),
(10021, 'Daniel', 'Thomas', 'daniel.thomas@example.com', '+7788990011', '606 Aspen Street, Lakeside', NULL, 'danielthomas', 'danielpass', 0, 0, 0, 0),
(10022, 'Sophia', 'Martinez', 'sophia.martinez@example.com', '+8899001122', '707 Fir Road, Pleasantville', NULL, 'sophiamartinez', 'sophiapass', 1, 0, 0, 0);

-- --------------------------------------------------------

--
-- Table structure for table `views`
--

CREATE TABLE `views` (
  `ViewID` int(3) NOT NULL,
  `ViewName` varchar(50) NOT NULL
) ENGINE=InnoDB DEFAULT CHARSET=utf8mb4 COLLATE=utf8mb4_general_ci;

--
-- Dumping data for table `views`
--

INSERT INTO `views` (`ViewID`, `ViewName`) VALUES
(1, 'Ocean View'),
(2, 'Mountain View'),
(3, 'City Skyline View'),
(4, 'Garden View'),
(5, 'Pool View'),
(6, 'River View'),
(7, 'Lake View'),
(8, 'Forest View'),
(9, 'Beach View'),
(10, 'Sunset View'),
(11, 'Golf Course View'),
(12, 'Valley View'),
(13, 'Historical Landmark View'),
(14, 'Skyline View'),
(15, 'Harbor View');

--
-- Indexes for dumped tables
--

--
-- Indexes for table `admin`
--
ALTER TABLE `admin`
  ADD PRIMARY KEY (`AdminID`),
  ADD UNIQUE KEY `Password` (`Password`);

--
-- Indexes for table `bookings`
--
ALTER TABLE `bookings`
  ADD PRIMARY KEY (`BookingID`),
  ADD KEY `TravelerID` (`TravelerID`),
  ADD KEY `MerchantID` (`MerchantID`);

--
-- Indexes for table `inclusions`
--
ALTER TABLE `inclusions`
  ADD PRIMARY KEY (`InclusionID`);

--
-- Indexes for table `merchant`
--
ALTER TABLE `merchant`
  ADD PRIMARY KEY (`MerchantID`),
  ADD KEY `TravelerID` (`TravelerID`);

--
-- Indexes for table `rooms`
--
ALTER TABLE `rooms`
  ADD PRIMARY KEY (`RoomID`),
  ADD KEY `MerchantID` (`MerchantID`);

--
-- Indexes for table `room_gallery`
--
ALTER TABLE `room_gallery`
  ADD PRIMARY KEY (`RoomImageID`),
  ADD KEY `RoomID` (`RoomID`);

--
-- Indexes for table `room_inclusions`
--
ALTER TABLE `room_inclusions`
  ADD PRIMARY KEY (`RoomInclusionID`),
  ADD KEY `RoomID` (`RoomID`);

--
-- Indexes for table `room_view`
--
ALTER TABLE `room_view`
  ADD PRIMARY KEY (`RoomViewID`),
  ADD KEY `RoomID` (`RoomID`);

--
-- Indexes for table `transportations`
--
ALTER TABLE `transportations`
  ADD PRIMARY KEY (`TransportationID`),
  ADD KEY `MerchantID` (`MerchantID`);

--
-- Indexes for table `transportation_gallery`
--
ALTER TABLE `transportation_gallery`
  ADD PRIMARY KEY (`TranspotationImageID`),
  ADD KEY `TransportationID` (`TransportationID`);

--
-- Indexes for table `traveler`
--
ALTER TABLE `traveler`
  ADD PRIMARY KEY (`TravelerID`),
  ADD UNIQUE KEY `Username` (`Username`);

--
-- Indexes for table `views`
--
ALTER TABLE `views`
  ADD PRIMARY KEY (`ViewID`);

--
-- AUTO_INCREMENT for dumped tables
--

--
-- AUTO_INCREMENT for table `admin`
--
ALTER TABLE `admin`
  MODIFY `AdminID` int(3) NOT NULL AUTO_INCREMENT, AUTO_INCREMENT=14;

--
-- AUTO_INCREMENT for table `bookings`
--
ALTER TABLE `bookings`
  MODIFY `BookingID` int(10) NOT NULL AUTO_INCREMENT, AUTO_INCREMENT=1000031;

--
-- AUTO_INCREMENT for table `inclusions`
--
ALTER TABLE `inclusions`
  MODIFY `InclusionID` int(11) NOT NULL AUTO_INCREMENT, AUTO_INCREMENT=31;

--
-- AUTO_INCREMENT for table `merchant`
--
ALTER TABLE `merchant`
  MODIFY `MerchantID` int(3) NOT NULL AUTO_INCREMENT, AUTO_INCREMENT=106;

--
-- AUTO_INCREMENT for table `rooms`
--
ALTER TABLE `rooms`
  MODIFY `RoomID` int(8) NOT NULL AUTO_INCREMENT, AUTO_INCREMENT=1000211;

--
-- AUTO_INCREMENT for table `room_gallery`
--
ALTER TABLE `room_gallery`
  MODIFY `RoomImageID` int(2) NOT NULL AUTO_INCREMENT;

--
-- AUTO_INCREMENT for table `room_inclusions`
--
ALTER TABLE `room_inclusions`
  MODIFY `RoomInclusionID` int(3) NOT NULL AUTO_INCREMENT, AUTO_INCREMENT=51;

--
-- AUTO_INCREMENT for table `room_view`
--
ALTER TABLE `room_view`
  MODIFY `RoomViewID` int(3) NOT NULL AUTO_INCREMENT, AUTO_INCREMENT=51;

--
-- AUTO_INCREMENT for table `transportations`
--
ALTER TABLE `transportations`
  MODIFY `TransportationID` int(8) NOT NULL AUTO_INCREMENT, AUTO_INCREMENT=1000109;

--
-- AUTO_INCREMENT for table `transportation_gallery`
--
ALTER TABLE `transportation_gallery`
  MODIFY `TranspotationImageID` int(2) NOT NULL AUTO_INCREMENT;

--
-- AUTO_INCREMENT for table `traveler`
--
ALTER TABLE `traveler`
  MODIFY `TravelerID` int(5) NOT NULL AUTO_INCREMENT, AUTO_INCREMENT=10023;

--
-- AUTO_INCREMENT for table `views`
--
ALTER TABLE `views`
  MODIFY `ViewID` int(3) NOT NULL AUTO_INCREMENT, AUTO_INCREMENT=16;

--
-- Constraints for dumped tables
--

--
-- Constraints for table `bookings`
--
ALTER TABLE `bookings`
  ADD CONSTRAINT `bookings_ibfk_1` FOREIGN KEY (`TravelerID`) REFERENCES `traveler` (`TravelerID`),
  ADD CONSTRAINT `bookings_ibfk_2` FOREIGN KEY (`MerchantID`) REFERENCES `merchant` (`MerchantID`);

--
-- Constraints for table `merchant`
--
ALTER TABLE `merchant`
  ADD CONSTRAINT `merchant_ibfk_1` FOREIGN KEY (`TravelerID`) REFERENCES `traveler` (`TravelerID`);

--
-- Constraints for table `rooms`
--
ALTER TABLE `rooms`
  ADD CONSTRAINT `rooms_ibfk_1` FOREIGN KEY (`MerchantID`) REFERENCES `merchant` (`MerchantID`);

--
-- Constraints for table `room_gallery`
--
ALTER TABLE `room_gallery`
  ADD CONSTRAINT `room_gallery_ibfk_1` FOREIGN KEY (`RoomID`) REFERENCES `rooms` (`RoomID`);

--
-- Constraints for table `room_inclusions`
--
ALTER TABLE `room_inclusions`
  ADD CONSTRAINT `room_inclusions_ibfk_1` FOREIGN KEY (`RoomID`) REFERENCES `rooms` (`RoomID`);

--
-- Constraints for table `room_view`
--
ALTER TABLE `room_view`
  ADD CONSTRAINT `room_view_ibfk_1` FOREIGN KEY (`RoomID`) REFERENCES `rooms` (`RoomID`);

--
-- Constraints for table `transportations`
--
ALTER TABLE `transportations`
  ADD CONSTRAINT `transportations_ibfk_1` FOREIGN KEY (`MerchantID`) REFERENCES `merchant` (`MerchantID`);

--
-- Constraints for table `transportation_gallery`
--
ALTER TABLE `transportation_gallery`
  ADD CONSTRAINT `transportation_gallery_ibfk_1` FOREIGN KEY (`TransportationID`) REFERENCES `transportations` (`TransportationID`);
COMMIT;

/*!40101 SET CHARACTER_SET_CLIENT=@OLD_CHARACTER_SET_CLIENT */;
/*!40101 SET CHARACTER_SET_RESULTS=@OLD_CHARACTER_SET_RESULTS */;
/*!40101 SET COLLATION_CONNECTION=@OLD_COLLATION_CONNECTION */;
